time,latitude,longitude,speed,accuracy,bearing
1551712912334,30.006169,120.867261,13,1,349
1551712913298,30.006199,120.867263,11,1,356
1551712914325,30.006227,120.867259,11,1,353
1551712915296,30.006254,120.867253,11,1,350
1551712916340,30.006282,120.867246,12,1,344
1551712917328,30.006315,120.867233,14,1,338
1551712918361,30.006353,120.86722,16,1,342
1551712919295,30.006397,120.867215,18,1,351
1551712920292,30.006447,120.867216,20,1,356
1551712921260,30.006504,120.867215,22,1,354
1551712922292,30.006569,120.867215,25,1,353
1551712923259,30.006635,120.867211,25,1,354
1551712924339,30.0067,120.867202,26,1,352
1551712925322,30.006769,120.86719,28,1,350
1551712926277,30.006841,120.867177,29,1,349
1551712927259,30.006915,120.867162,30,1,349
1551712928328,30.006987,120.867144,30,1,347
1551712929286,30.007061,120.867122,31,1,345
1551712930369,30.007138,120.867098,32,1,345
1551712931286,30.00722,120.867079,33,1,348
1551712932306,30.0073,120.867063,32,1,350
1551712933258,30.007381,120.867046,33,1,348
1551712934300,30.007466,120.867029,34,1,348
1551712935287,30.00755,120.867014,34,1,351
1551712936313,30.007635,120.867004,33,1,353
1551712937285,30.007719,120.866996,32,1,353
1551712938394,30.007798,120.866982,31,1,350
1551712939297,30.007875,120.866971,31,1,353
1551712940349,30.007951,120.866954,32,1,347
1551712941376,30.008029,120.866935,32,1,349
1551712942380,30.008104,120.866921,30,1,351
1551712943367,30.00818,120.866911,30,1,353
1551712944350,30.008254,120.866901,29,1,351
1551712945346,30.008325,120.866891,28,1,352
1551712946327,30.008396,120.866877,29,1,349
1551712947299,30.008469,120.866864,30,1,350
1551712948365,30.008545,120.86685,31,1,350
1551712949278,30.008619,120.866834,31,1,348
1551712950311,30.008697,120.866817,31,1,349
1551712951273,30.008773,120.8668,31,1,349
1551712952320,30.008854,120.866789,32,1,353
1551712953215,30.008935,120.866774,33,1,350
1551712954285,30.009015,120.866754,32,1,347
1551712955249,30.009091,120.866738,30,2,349
1551712956244,30.009161,120.866719,28,1,347
1551712957207,30.009228,120.866706,26,2,350
1551712958260,30.009295,120.866694,26,1,349
1551712959210,30.00936,120.866677,27,1,348
1551712960267,30.009428,120.866664,28,1,351
1551712961167,30.0095,120.86665,29,1,350
1551712962261,30.009576,120.866633,31,1,348
1551712963208,30.009656,120.866618,33,1,351
1551712964238,30.009742,120.866606,34,1,353
1551712965203,30.009828,120.866593,35,1,352
1551712966226,30.009916,120.866578,36,1,350
1551712967165,30.010003,120.866561,35,1,350
1551712968178,30.010091,120.866543,35,1,348
1551712969133,30.010176,120.866526,33,1,349
1551712970192,30.010252,120.866513,29,1,351
1551712971166,30.010322,120.866499,28,1,349
1551712972271,30.01039,120.866484,28,1,351
1551712973201,30.010462,120.866469,30,1,349
1551712974170,30.010538,120.866454,31,1,350
1551712975196,30.010616,120.866441,32,1,351
1551712976247,30.010698,120.866427,33,1,351
1551712977190,30.01078,120.866411,33,1,351
1551712978303,30.010862,120.866394,34,1,351
1551712979234,30.010949,120.866381,36,1,354
1551712980283,30.011042,120.866366,38,1,351
1551712981227,30.011136,120.866344,38,1,348
1551712982269,30.011233,120.866322,40,1,349
1551712983223,30.011331,120.866302,40,1,351
1551712984304,30.011432,120.86628,41,1,349
1551712985187,30.011532,120.866261,40,1,352
1551712986245,30.011632,120.86624,41,1,350
1551712987190,30.011732,120.866219,40,1,350
1551712988244,30.011831,120.866204,39,1,353
1551712989256,30.011934,120.866188,40,1,352
1551712990337,30.012029,120.866164,39,1,347
1551712991251,30.012121,120.866143,38,1,349
1551712992313,30.012206,120.86612,36,1,351
1551712993255,30.012308,120.866117,37,1,353
1551712994245,30.01241,120.866107,39,1,351
1551712995215,30.012514,120.866094,40,1,349
1551712996305,30.01262,120.86608,40,1,350
1551712997182,30.012725,120.866063,41,1,350
1551712998238,30.012828,120.86604,41,1,350
1551712999186,30.012932,120.866017,42,1,349
1551713000223,30.013036,120.865992,42,1,349
1551713001144,30.01314,120.865966,42,1,348
1551713002220,30.013244,120.86594,42,1,348
1551713003186,30.013347,120.865912,42,1,347
1551713004223,30.013453,120.865887,43,1,349
1551713005145,30.013557,120.865862,42,1,348
1551713006181,30.013662,120.865838,43,1,350
1551713007111,30.013768,120.865813,43,1,348
1551713008192,30.013873,120.865787,42,1,348
1551713009107,30.013979,120.865757,43,1,347
1551713010142,30.014084,120.865726,42,1,346
1551713011109,30.014186,120.865694,42,1,345
1551713012170,30.014287,120.865657,41,1,344
1551713013143,30.014386,120.865622,41,1,344
1551713014208,30.014486,120.865587,40,1,344
1551713015173,30.014582,120.86555,39,1,341
1551713016201,30.014669,120.865504,38,1,335
1551713017172,30.014752,120.865461,35,1,336
1551713018256,30.014829,120.86542,33,1,334
1551713019169,30.014898,120.865377,31,1,334
1551713020295,30.014969,120.865337,31,1,333
1551713021237,30.015043,120.865292,33,1,330
1551713022247,30.015114,120.865238,34,1,325
1551713023201,30.015189,120.865171,34,1,320
1551713024282,30.015258,120.865103,35,1,319
1551713025205,30.015329,120.865036,36,1,320
1551713026272,30.015402,120.864961,38,1,317
1551713027235,30.015475,120.864886,39,1,317
1551713028250,30.01555,120.864814,39,1,319
1551713029231,30.015625,120.864729,41,1,314
1551713030275,30.015699,120.864638,43,1,313
1551713031242,30.015779,120.864544,45,1,314
1551713032335,30.015854,120.864444,45,1,311
1551713033226,30.015928,120.864344,45,1,311
1551713034276,30.016005,120.864242,46,1,312
1551713035263,30.016081,120.864135,46,1,310
1551713036353,30.016159,120.864036,46,1,313
1551713037295,30.016237,120.863933,47,1,310
1551713038409,30.016308,120.863831,44,1,308
1551713039327,30.016379,120.863731,43,1,309
1551713040320,30.016456,120.863643,42,1,317
1551713041296,30.016531,120.863558,41,1,315
1551713042361,30.016597,120.863473,39,1,310
1551713043266,30.016656,120.863391,35,1,310
1551713044371,30.01671,120.863315,32,1,311
1551713045324,30.016752,120.863241,28,1,309
1551713046390,30.016796,120.863182,26,1,315
1551713047288,30.016845,120.863136,24,1,326
1551713048358,30.0169,120.863102,25,1,336
1551713049325,30.016964,120.863075,27,1,344
1551713050425,30.017034,120.863066,29,1,357
1551713051355,30.017108,120.863075,30,1,10
1551713052421,30.017185,120.8631,32,1,19
1551713053352,30.017266,120.863136,36,1,23
1551713054395,30.017351,120.863177,38,1,23
1551713055370,30.01744,120.863224,40,1,25
1551713056480,30.017532,120.863275,42,1,26
1551713057346,30.017627,120.863329,43,1,27
1551713058408,30.017722,120.863389,45,1,30
1551713059314,30.017819,120.863457,46,1,32
1551713060398,30.017917,120.863528,47,1,33
1551713061373,30.018016,120.863606,49,1,36
1551713062475,30.018113,120.86369,49,1,38
1551713063381,30.018209,120.86378,50,1,40
1551713064408,30.018304,120.863875,51,1,41
1551713065377,30.018401,120.863972,51,1,41
1551713066431,30.018497,120.864071,52,1,41
1551713067374,30.018594,120.864174,52,0,43
1551713068429,30.018689,120.864278,52,0,43
1551713069374,30.018783,120.864382,51,1,43
1551713070477,30.018876,120.864482,50,1,43
1551713071371,30.018967,120.864583,50,1,43
1551713072415,30.019059,120.864682,50,1,44
1551713073374,30.019151,120.864783,51,1,43
1551713074335,30.019245,120.864884,51,1,43
1551713075311,30.019339,120.864986,52,1,43
1551713076355,30.019434,120.86509,52,1,43
1551713077305,30.019528,120.865193,52,1,44
1551713078361,30.019624,120.865297,53,1,43
1551713079269,30.01972,120.865401,53,1,43
1551713080418,30.019817,120.865507,53,1,44
1551713081302,30.019915,120.865613,54,1,43
1551713082315,30.020014,120.86572,55,0,43
1551713083300,30.020116,120.865827,55,0,43
1551713084386,30.020219,120.865937,57,0,43
1551713085301,30.020324,120.866049,57,0,43
1551713086518,30.020429,120.866162,58,0,43
1551713087406,30.020537,120.866278,59,0,43
1551713088392,30.020645,120.866396,60,0,44
1551713089361,30.020755,120.866516,61,0,44
1551713090494,30.020865,120.866636,61,0,44
1551713091464,30.020975,120.866757,61,0,44
1551713092487,30.021085,120.866877,61,0,43
1551713093432,30.021197,120.866996,61,0,43
1551713094516,30.021306,120.867115,60,0,43
1551713095427,30.021415,120.867232,59,0,43
1551713096495,30.021524,120.867349,60,0,43
1551713097510,30.021634,120.867466,60,0,43
1551713098618,30.021743,120.867584,60,0,43
1551713099522,30.021854,120.867703,61,0,43
1551713100564,30.021965,120.867824,61,0,44
1551713101531,30.022077,120.867945,61,0,43
1551713102537,30.022189,120.868066,61,0,44
1551713103459,30.0223,120.868187,61,0,43
1551713104445,30.02241,120.868305,59,0,43
1551713105422,30.022517,120.86842,58,1,43
1551713106526,30.022622,120.868535,58,1,44
1551713107425,30.022725,120.868648,56,0,44
1551713108488,30.022824,120.868761,55,0,45
1551713109392,30.022919,120.868875,55,0,47
1551713110473,30.023011,120.86899,54,0,48
1551713111416,30.023099,120.869107,54,0,50
1551713112447,30.023183,120.86923,55,0,53
1551713113386,30.023264,120.86936,56,0,55
1551713114381,30.023341,120.869494,56,1,57
1551713115351,30.023412,120.869628,54,1,59
1551713116447,30.023478,120.869762,53,0,61
1551713117380,30.023538,120.869899,53,1,64
1551713118392,30.023592,120.870034,52,0,66
1551713119384,30.02364,120.870167,49,0,68
1551713120417,30.023681,120.870293,46,0,70
1551713121358,30.023717,120.870412,43,1,71
1551713122363,30.02375,120.870524,41,1,71
1551713123418,30.02378,120.870629,37,1,72
1551713124376,30.023807,120.870721,33,1,72
1551713125309,30.023827,120.870807,30,1,76
1551713126381,30.023841,120.870885,27,1,80
1551713127355,30.023851,120.870951,22,1,79
1551713128422,30.023859,120.871003,17,1,79
1551713129342,30.023865,120.871043,13,1,79
1551713130398,30.023868,120.871069,7,1,79
1551713131307,30.02387,120.871084,4,1,79
1551713132338,30.02387,120.871091,0,1,79
1551713133367,30.023869,120.871094,0,1,0
1551713134310,30.023869,120.871094,0,1,0
1551713135308,30.023869,120.871094,0,1,0
1551713136316,30.023868,120.871095,0,1,0
1551713137204,30.023867,120.871096,0,1,0
1551713138235,30.023866,120.871097,0,1,0
1551713139226,30.023866,120.871098,0,1,0
1551713140274,30.023865,120.871099,0,1,0
1551713141283,30.023864,120.8711,0,1,0
1551713142280,30.023865,120.8711,0,1,0
1551713143237,30.023865,120.8711,0,1,0
1551713144224,30.023864,120.871101,0,1,0
1551713145198,30.023863,120.871102,0,1,0
1551713146235,30.023862,120.871102,0,1,0
1551713147230,30.023862,120.871102,0,1,0
1551713148270,30.023861,120.871102,0,1,0
1551713149201,30.02386,120.871103,0,1,0
1551713150268,30.02386,120.871103,0,1,0
1551713151197,30.02386,120.871103,0,1,0
1551713152262,30.023859,120.871104,0,1,0
1551713154230,30.023858,120.871105,0,1,0
1551713155230,30.023856,120.871106,0,1,0
1551713156228,30.023855,120.871107,0,1,0
1551713157195,30.023854,120.871107,0,1,0
1551713158210,30.023853,120.871108,0,1,0
1551713158272,30.023853,120.871108,0,1,0
1551713159266,30.023852,120.871109,0,1,0
1551713161224,30.02385,120.871109,0,1,0
1551713161224,30.02385,120.871109,0,1,0
1551713162327,30.023849,120.871109,0,1,0
1551713163305,30.023848,120.871108,0,1,0
1551713164414,30.023847,120.871108,0,1,0
1551713165352,30.023846,120.871108,0,1,0
1551713166398,30.023846,120.871107,0,1,0
1551713167387,30.023846,120.871107,0,1,0
1551713168397,30.023845,120.871106,0,1,0
1551713169351,30.023845,120.871106,0,1,0
1551713170389,30.023844,120.871105,0,1,0
1551713171354,30.023844,120.871105,0,1,0
1551713172364,30.023843,120.871104,0,1,0
1551713173317,30.023843,120.871103,0,1,0
1551713174388,30.023842,120.871103,0,1,0
1551713175353,30.023842,120.871103,0,1,0
1551713176419,30.023841,120.871102,0,1,0
1551713177361,30.023839,120.871103,0,1,0
1551713178409,30.023838,120.871104,0,1,0
1551713179348,30.023837,120.871104,0,1,0
1551713180400,30.023837,120.871104,0,1,0
1551713181347,30.023836,120.871104,0,1,0
1551713182400,30.023835,120.871105,0,1,0
1551713183377,30.023835,120.871105,0,1,0
1551713184373,30.023835,120.871105,0,1,0
1551713185383,30.023834,120.871106,0,1,0
1551713186371,30.023834,120.871106,0,1,0
1551713187348,30.023834,120.871106,0,1,0
1551713188421,30.023834,120.871106,0,1,0
1551713189413,30.023835,120.871106,0,1,0
1551713190416,30.023835,120.871105,0,1,0
1551713191305,30.023835,120.871105,0,1,0
1551713192413,30.023836,120.871107,0,1,0
1551713193411,30.023837,120.871113,2,1,77
1551713194519,30.02384,120.871124,5,1,77
1551713195477,30.023843,120.87114,6,1,78
1551713196515,30.023845,120.871157,6,1,79
1551713197481,30.023849,120.871178,7,1,79
1551713198527,30.023852,120.8712,8,1,81
1551713199475,30.023859,120.871228,11,1,75
1551713200558,30.023873,120.871261,14,1,65
1551713201536,30.023901,120.871294,16,1,45
1551713202528,30.02394,120.871319,18,1,27
1551713203471,30.023988,120.871335,20,1,14
1551713204545,30.024041,120.871337,22,1,359
1551713205500,30.024099,120.871324,24,1,346
1551713206510,30.024162,120.871293,28,1,334
1551713207507,30.02423,120.871253,31,1,333
1551713208592,30.024304,120.871208,34,1,332
1551713209498,30.02438,120.871162,34,1,332
1551713210495,30.024464,120.87111,39,1,331
1551713211508,30.024555,120.871056,41,1,332
1551713212566,30.024648,120.871,42,1,333
1551713213527,30.024745,120.870941,44,1,332
1551713214524,30.024846,120.870878,46,1,331
1551713215527,30.024948,120.870813,46,1,331
1551713216558,30.025054,120.870747,48,1,332
1551713218464,30.025271,120.870613,49,1,332
1551713219459,30.025381,120.870548,49,1,333
1551713219459,30.025381,120.870548,49,1,333
1551713221458,30.025596,120.870415,47,1,332
1551713221458,30.025596,120.870415,47,1,332
1551713223460,30.025801,120.870291,45,1,331
1551713224461,30.025902,120.870229,45,1,332
1551713224527,30.025901,120.870229,45,1,332
1551713226501,30.026106,120.870116,45,1,336
1551713227426,30.026209,120.870063,44,1,336
1551713228467,30.026311,120.87001,44,1,335
1551713229428,30.026408,120.869955,42,1,333
1551713230462,30.026493,120.869907,36,1,333
1551713231421,30.026568,120.869862,32,1,332
1551713232475,30.026636,120.869818,30,1,332
1551713233497,30.026704,120.869781,29,1,334
1551713234500,30.026773,120.869743,30,1,333
1551713234500,30.026773,120.869743,30,1,333
1551713236483,30.026921,120.869654,35,1,330
1551713237447,30.026998,120.869601,36,1,328
1551713238488,30.027078,120.869548,36,1,331
1551713239482,30.02716,120.869501,36,1,335
1551713239482,30.02716,120.869501,36,1,335
1551713241516,30.027332,120.869414,37,1,337
1551713242515,30.027421,120.869372,38,1,338
1551713243515,30.027513,120.869332,39,1,340
1551713244518,30.027607,120.869289,40,1,338
1551713244580,30.027607,120.869289,40,1,338
1551713246519,30.027805,120.869198,43,1,338
1551713246560,30.027805,120.869198,43,1,338
1551713247543,30.027909,120.86915,44,1,339
1551713248565,30.028016,120.869101,46,1,339
1551713250508,30.028238,120.868999,48,1,339
1551713250547,30.028238,120.868998,48,1,339
1551713251542,30.028352,120.868947,49,1,339
1551713252640,30.028469,120.868895,50,1,339
1551713253547,30.028589,120.868843,51,1,340
1551713254572,30.02871,120.868789,52,1,339
1551713255540,30.028833,120.868736,53,1,339
1551713256616,30.028955,120.868679,52,1,338
1551713257535,30.029077,120.868622,52,1,338
1551713259522,30.029316,120.868514,50,1,339
1551713259522,30.029316,120.868514,50,1,339
1551713260607,30.029434,120.868463,50,1,339
1551713261551,30.029552,120.868412,50,1,339
1551713263502,30.029786,120.868307,50,1,339
1551713263502,30.029786,120.868307,50,1,339
1551713265531,30.030019,120.868199,50,1,338
1551713266524,30.030135,120.868146,50,1,338
1551713267531,30.030249,120.868094,49,1,338
1551713268530,30.030362,120.868042,48,1,339
1551713268579,30.030362,120.868042,48,1,339
1551713270528,30.030579,120.867941,46,1,337
1551713271535,30.030683,120.86789,45,1,337
1551713271535,30.030683,120.86789,45,1,337
1551713273539,30.030878,120.867794,41,1,337
1551713274633,30.030971,120.86775,39,1,338
1551713275557,30.031059,120.867709,37,1,338
1551713276586,30.031143,120.86767,35,1,338
1551713277558,30.031221,120.867634,33,1,338
1551713278600,30.031289,120.867604,29,1,339
1551713279525,30.03135,120.867576,25,1,339
1551713280599,30.031402,120.867553,21,1,339
1551713281590,30.031446,120.867535,17,1,338
1551713282645,30.031478,120.867519,13,1,339
1551713283555,30.031503,120.867509,8,1,340
1551713284591,30.031516,120.867504,5,1,340
1551713285519,30.031523,120.867501,0,1,340
1551713286621,30.031525,120.867501,0,1,0
1551713287551,30.031525,120.867501,0,1,0
1551713288554,30.031526,120.867502,0,1,0
1551713289487,30.031526,120.867503,0,1,0
1551713290562,30.031527,120.867504,0,1,0
1551713291449,30.031527,120.867504,0,1,0
1551713292534,30.031528,120.867504,0,1,0
1551713293490,30.031529,120.867505,0,1,0
1551713294520,30.031529,120.867505,0,1,0
1551713295488,30.031529,120.867505,0,1,0
1551713296482,30.031529,120.867506,0,1,0
1551713297447,30.03153,120.867506,0,1,0
1551713298511,30.03153,120.867507,0,1,0
1551713299447,30.03153,120.867507,0,1,0
1551713300497,30.03153,120.867507,0,1,0
1551713301488,30.031531,120.867507,0,1,0
1551713302467,30.031531,120.867507,0,1,0
1551713303411,30.031531,120.867507,0,1,0
1551713304475,30.031531,120.867507,0,1,0
1551713305410,30.031531,120.867507,0,1,0
1551713305410,30.031531,120.867507,0,1,0
1551713307445,30.031532,120.867506,0,1,0
1551713308441,30.031532,120.867506,0,1,0
1551713309446,30.031533,120.867507,0,1,0
1551713310406,30.031533,120.867508,0,1,0
1551713311446,30.031533,120.867507,0,1,0
1551713312342,30.031534,120.867508,0,1,0
1551713313471,30.031533,120.867507,0,1,0
1551713314408,30.031534,120.867507,0,1,0
1551713315475,30.031534,120.867506,0,0,0
1551713316407,30.031535,120.867506,0,0,0
1551713317451,30.031535,120.867506,0,1,0
1551713318442,30.031536,120.867505,0,0,0
1551713319530,30.031535,120.867505,0,0,0
1551713320438,30.031536,120.867505,0,0,0
1551713321455,30.031536,120.867504,0,0,0
1551713322431,30.031536,120.867505,0,0,0
1551713323473,30.031536,120.867505,0,0,0
1551713324400,30.031536,120.867504,0,0,0
1551713325475,30.031537,120.867503,0,1,0
1551713326432,30.031537,120.867502,0,1,0
1551713327340,30.031537,120.867501,0,1,0
1551713327340,30.031537,120.867501,0,1,0
1551713329397,30.031538,120.8675,0,1,0
1551713330342,30.031539,120.8675,0,1,0
1551713331420,30.031541,120.867499,0,1,0
1551713332326,30.031543,120.867498,0,1,338
1551713333409,30.031544,120.867496,0,1,0
1551713334335,30.031544,120.867495,0,1,0
1551713335383,30.031545,120.867494,0,1,0
1551713336349,30.031548,120.867493,0,1,338
1551713337486,30.031557,120.867488,5,1,339
1551713338478,30.031576,120.867481,10,1,341
1551713339430,30.031607,120.867467,15,1,340
1551713340362,30.031648,120.867451,18,1,341
1551713341437,30.031697,120.867429,22,1,340
1551713342395,30.031754,120.867407,25,1,342
1551713343496,30.031818,120.867383,28,1,343
1551713344422,30.031889,120.867357,31,1,344
1551713345472,30.031967,120.867331,34,1,345
1551713346429,30.032052,120.867304,36,1,344
1551713347463,30.032139,120.867274,37,1,343
1551713348487,30.032228,120.867242,37,1,343
1551713349513,30.03232,120.867209,39,1,343
1551713350457,30.032417,120.867175,41,1,343
1551713351486,30.03252,120.867141,43,1,344
1551713352455,30.032628,120.867104,46,1,343
1551713353457,30.03274,120.867062,48,1,342
1551713354448,30.032855,120.867016,49,1,341
1551713355526,30.032974,120.866969,51,1,341
1551713356453,30.033098,120.866922,52,1,342
1551713357565,30.03322,120.866877,51,1,343
1551713358454,30.033343,120.866834,51,1,343
1551713359560,30.033465,120.866793,51,1,344
1551713360458,30.03359,120.866752,52,1,344
1551713361563,30.033717,120.866712,52,1,345
1551713362511,30.033842,120.866672,51,1,345
1551713363497,30.033965,120.866636,50,1,346
1551713364486,30.034083,120.866603,48,1,347
1551713365483,30.034199,120.866568,47,1,345
1551713366445,30.034307,120.866532,44,1,343
1551713367525,30.034407,120.866498,41,1,344
1551713368413,30.0345,120.866465,38,1,342
1551713369507,30.034583,120.866438,33,1,346
1551713370446,30.034656,120.866417,28,1,348
1551713371493,30.034721,120.866413,25,1,360
1551713372418,30.034781,120.866431,24,1,19
1551713373560,30.034829,120.866465,23,1,36
1551713374438,30.034868,120.866517,24,1,52
1551713375460,30.034897,120.866586,27,1,67
1551713376410,30.034917,120.866666,30,1,75
1551713377508,30.034934,120.866759,34,1,78
1551713378435,30.034952,120.866862,37,1,79
1551713379441,30.034971,120.866972,40,1,79
1551713380435,30.034992,120.867091,43,1,78
1551713381423,30.035012,120.867221,46,1,80
1551713382405,30.035031,120.867357,48,1,81
1551713383497,30.035049,120.867499,50,1,82
1551713384409,30.035066,120.867641,50,1,82
1551713385480,30.035082,120.867776,46,1,82
1551713386402,30.035097,120.867902,43,1,82
1551713387464,30.035111,120.868016,39,1,81
1551713388432,30.035127,120.86812,35,1,80
1551713389578,30.035144,120.868212,31,1,77
1551713390440,30.035165,120.868294,29,1,70
1551713391518,30.035191,120.86836,24,1,65
1551713392428,30.035218,120.868414,20,1,59
1551713393473,30.035245,120.868453,16,1,49
1551713394391,30.035267,120.868476,10,1,44
1551713395513,30.035275,120.868484,3,1,44
1551713397089,30.035276,120.868488,0,1,0
1551713397490,30.035274,120.86849,0,1,0
1551713398433,30.035274,120.868492,0,1,0
1551713399405,30.035273,120.868494,0,1,0
1551713400361,30.035273,120.868494,0,1,0
1551713401437,30.035274,120.868495,0,1,0
1551713402355,30.035273,120.868497,0,1,0
1551713403450,30.035273,120.868497,0,1,0
1551713404361,30.035273,120.868498,0,1,0
1551713405423,30.035273,120.868499,0,1,0
1551713406326,30.035274,120.868499,0,1,0
1551713407367,30.035274,120.868499,0,1,0
1551713408352,30.035276,120.868501,0,1,0
1551713409379,30.035277,120.868504,0,1,52
1551713410382,30.035281,120.868512,4,1,73
1551713411424,30.035279,120.868527,6,1,89
1551713412417,30.035272,120.868545,7,1,106
1551713413419,30.035262,120.868563,7,1,113
1551713414397,30.035253,120.868582,7,1,116
1551713415575,30.035244,120.868604,9,0,114
1551713415575,30.035244,120.868604,9,0,114
1551713417469,30.035223,120.868684,18,1,103
1551713418410,30.035216,120.868744,23,1,97
1551713419511,30.035214,120.868816,26,1,90
1551713420423,30.035218,120.868899,30,1,86
1551713421509,30.035225,120.868991,33,1,85
1551713422443,30.035233,120.869091,36,1,84
1551713423513,30.035243,120.869198,38,1,83
1551713424476,30.035254,120.86931,40,1,83
1551713425463,30.035268,120.869428,42,1,82
1551713426473,30.035282,120.869551,44,1,82
1551713427590,30.035298,120.869676,44,1,81
1551713428509,30.035313,120.869798,43,1,82
1551713429531,30.035328,120.869919,42,1,82
1551713430488,30.035342,120.870041,43,1,82
1551713431534,30.035356,120.870163,43,1,82
1551713432439,30.035368,120.870285,42,1,83
1551713433536,30.035379,120.870404,41,1,84
1551713434437,30.035385,120.870528,44,1,87
1551713435453,30.035391,120.870659,47,1,86
1551713436481,30.035403,120.870796,48,1,83
1551713437499,30.035418,120.870936,50,1,82
1551713438408,30.035437,120.871082,51,1,81
1551713439439,30.035455,120.871231,52,1,82
1551713440409,30.035474,120.87138,53,1,81
1551713441433,30.0355,120.871525,51,1,76
1551713442299,30.035539,120.871657,48,1,69
1551713443334,30.035562,120.871788,46,2,79
1551713444277,30.035576,120.871936,50,1,83
1551713445332,30.035587,120.872077,48,1,83
1551713446271,30.035599,120.872214,48,1,84
1551713447237,30.035611,120.872351,47,1,83
1551713448269,30.035621,120.872482,46,1,85
1551713449370,30.03564,120.872623,49,1,82
1551713450299,30.035656,120.872767,50,1,81
1551713451328,30.035673,120.872914,51,1,82
1551713452332,30.03569,120.87306,51,1,82
1551713454326,30.035724,120.873365,54,1,81
1551713455380,30.035745,120.873522,55,1,80
1551713455418,30.035745,120.873522,55,1,80
1551713457357,30.035789,120.873836,55,1,79
1551713458389,30.035809,120.87399,53,1,82
1551713459382,30.035825,120.87414,51,1,82
1551713460361,30.035842,120.874283,49,1,82
1551713461357,30.035857,120.874426,50,1,82
1551713462312,30.035871,120.874567,49,1,83
1551713463369,30.035884,120.874708,49,1,83
1551713463369,30.035884,120.874708,49,1,83
1551713465376,30.035912,120.874988,48,1,82
1551713466338,30.035929,120.875127,49,1,81
1551713467380,30.035945,120.875266,48,1,82
1551713468317,30.035962,120.875405,48,1,82
1551713469321,30.035979,120.875542,48,1,81
1551713470317,30.035997,120.875679,48,1,82
1551713471361,30.036012,120.875817,48,1,83
1551713472319,30.036027,120.875956,49,1,82
1551713473392,30.036039,120.876096,48,1,83
1551713474288,30.036053,120.876236,48,1,84
1551713475346,30.036064,120.876371,46,1,84
1551713476322,30.036077,120.876502,45,1,83
1551713477298,30.036092,120.87663,44,1,83
1551713478264,30.036106,120.876752,42,1,82
1551713479315,30.03612,120.876871,42,1,82
1551713480245,30.036131,120.87699,41,1,83
1551713481280,30.036145,120.877109,42,1,82
1551713482243,30.036157,120.877229,41,1,83
1551713483319,30.036168,120.877342,38,1,82
1551713484251,30.036182,120.87744,34,1,80
1551713485285,30.036191,120.877525,29,1,82
1551713486249,30.036203,120.877606,27,1,79
1551713487329,30.036215,120.877682,27,1,79
1551713488282,30.036225,120.877763,28,1,81
1551713489421,30.036231,120.87785,30,1,84
1551713490245,30.036236,120.877947,33,1,85
1551713491241,30.036247,120.878054,36,1,85
1551713492203,30.036263,120.878166,39,1,82
1551713493250,30.036279,120.878283,40,1,82
1551713494248,30.036294,120.8784,41,1,81
1551713495275,30.036303,120.878517,40,1,83
1551713496239,30.036313,120.878625,36,1,84
1551713497321,30.036318,120.87872,32,1,84
1551713498341,30.036322,120.878806,29,1,84
1551713499387,30.036327,120.878887,27,1,84
1551713500371,30.036333,120.878958,23,1,85
1551713501385,30.036339,120.87902,21,1,83
1551713502337,30.036355,120.879072,19,1,70
1551713503417,30.036385,120.879116,19,1,52
1551713504371,30.036431,120.879147,21,1,32
1551713505455,30.036487,120.87916,23,1,9
1551713506418,30.03655,120.879157,25,1,356
1551713507402,30.036618,120.879137,29,1,345
1551713508376,30.036694,120.87911,32,1,342
1551713509453,30.036779,120.87908,36,1,343
1551713510399,30.036872,120.879047,39,1,343
1551713511471,30.036973,120.879014,42,1,344
1551713512435,30.037082,120.87898,45,1,345
1551713513458,30.037199,120.878942,48,1,345
1551713514368,30.037322,120.878902,51,1,344
1551713515417,30.03745,120.878861,53,1,345
1551713516361,30.037582,120.878819,55,1,344
1551713517415,30.037717,120.878775,56,1,344
1551713518414,30.037852,120.878735,55,1,346
1551713519402,30.037983,120.878695,54,1,345
1551713520321,30.03811,120.878659,51,1,346
1551713521341,30.038229,120.878625,48,1,346
1551713522288,30.038342,120.878593,46,1,346
1551713523344,30.038451,120.878561,44,1,346
1551713524397,30.038556,120.87853,43,1,345
1551713525418,30.03866,120.878498,42,1,345
1551713526382,30.038754,120.87847,38,1,346
1551713527445,30.038836,120.878446,32,1,346
1551713528349,30.038905,120.878428,28,1,347
1551713529431,30.038972,120.878408,27,1,346
1551713530383,30.039033,120.87839,25,1,346
1551713531421,30.039086,120.878375,21,1,347
1551713532382,30.039134,120.878362,19,1,346
1551713533429,30.039176,120.87835,17,1,346
1551713534384,30.039216,120.878339,16,1,346
1551713535433,30.039257,120.878333,16,1,350
1551713536449,30.039298,120.878325,16,1,349
1551713537430,30.039336,120.87832,15,1,353
1551713538377,30.039368,120.878319,12,1,355
1551713539508,30.039387,120.878318,7,1,357
1551713540381,30.039402,120.878325,6,1,13
1551713541426,30.039413,120.878333,5,1,29
1551713542423,30.03942,120.878346,5,1,58
1551713543411,30.039426,120.878367,7,1,69
1551713544377,30.039433,120.878393,10,1,72
1551713545413,30.039442,120.878425,12,1,71
1551713546372,30.039452,120.878465,14,1,73
1551713547467,30.039459,120.878513,17,1,80
1551713548414,30.039469,120.878565,18,1,77
1551713549424,30.039474,120.878619,19,1,83
1551713550386,30.039487,120.87868,21,1,77
1551713551417,30.039498,120.878742,22,1,79
1551713552349,30.039506,120.878803,21,1,79
1551713553351,30.039514,120.878861,20,1,80
1551713554344,30.039517,120.878914,19,2,82
1551713555243,30.039514,120.878967,19,2,88
1551713556209,30.039518,120.879026,20,2,87
1551713557258,30.039518,120.879084,20,2,88
1551713558173,30.039522,120.879149,22,2,87
1551713559362,30.039528,120.879216,23,2,86
1551713560212,30.039528,120.879285,24,2,88
1551713561208,30.039532,120.879354,24,2,86
1551713562137,30.039542,120.879416,21,2,81
1551713563198,30.03955,120.879475,20,2,81
1551713564140,30.039548,120.879526,17,2,84
1551713565122,30.039543,120.879569,15,2,88
1551713566168,30.039559,120.879599,10,2,74
1551713567178,30.039561,120.879617,6,2,72
1551713568098,30.039561,120.879625,3,2,69
1551713569141,30.03956,120.879626,0,2,0
1551713570096,30.039561,120.879628,0,2,0
1551713571092,30.039562,120.879631,0,2,0
1551713572028,30.039563,120.879634,0,2,0
1551713573098,30.039564,120.879636,0,2,0
1551713573991,30.039564,120.879637,0,2,0
1551713575067,30.039564,120.879638,0,2,0
1551713576036,30.039564,120.87964,0,2,0
1551713577066,30.039564,120.879641,0,2,0
1551713578036,30.039563,120.879643,0,2,0
1551713579122,30.039563,120.879644,0,2,0
1551713579987,30.039563,120.879645,0,2,0
1551713581066,30.039563,120.879645,0,2,0
1551713582035,30.039562,120.879645,0,2,0
1551713583067,30.03956,120.879644,0,2,0
1551713584108,30.039561,120.879643,0,2,0
1551713585056,30.03956,120.879644,0,2,0
1551713586062,30.03956,120.879645,0,2,0
1551713587077,30.039559,120.879645,0,2,0
1551713588019,30.03956,120.879646,0,2,0
1551713589083,30.039561,120.879647,0,2,0
1551713590022,30.039561,120.879648,0,2,0
1551713591099,30.039561,120.879649,0,2,0
1551713591980,30.039561,120.87965,0,2,0
1551713593005,30.03956,120.879651,0,2,0
1551713593982,30.03956,120.879653,0,2,0
1551713595022,30.03956,120.879655,0,2,0
1551713596050,30.039559,120.879657,0,2,0
1551713597087,30.039559,120.879662,0,2,0
1551713598015,30.039559,120.879672,4,2,77
1551713599099,30.039563,120.879693,8,2,81
1551713600070,30.039559,120.879722,11,2,90
1551713601119,30.039557,120.879758,13,2,90
1551713602078,30.039558,120.879797,14,2,86
1551713603085,30.039556,120.879838,14,2,87
1551713604110,30.039556,120.879875,13,2,85
1551713605240,30.039558,120.879908,11,2,85
1551713606081,30.039555,120.879934,9,2,87
1551713607103,30.039556,120.879959,8,2,87
1551713608147,30.039567,120.879991,10,2,82
1551713609154,30.039573,120.880018,9,2,80
1551713610071,30.039579,120.880048,10,2,82
1551713611127,30.03958,120.880069,7,2,84
1551713612071,30.039577,120.880086,5,2,89
1551713613134,30.039588,120.880108,7,1,75
1551713614156,30.039587,120.880132,9,1,84
1551713615133,30.039583,120.880162,11,2,92
1551713616070,30.039575,120.880199,14,1,98
1551713617145,30.039564,120.88024,15,1,104
1551713618072,30.039559,120.880293,18,1,109
1551713619133,30.039536,120.880339,19,1,115
1551713620170,30.039508,120.880379,18,1,125
1551713621189,30.039482,120.880417,18,1,135
1551713622167,30.039457,120.88045,16,1,139
1551713623232,30.039425,120.880475,16,1,146
1551713624204,30.039403,120.880502,15,1,147
1551713625296,30.039387,120.880524,11,1,146
1551713626268,30.039382,120.880549,8,1,131
1551713627316,30.03938,120.880569,7,1,128
1551713628305,30.039374,120.880591,9,1,130
1551713629492,30.039366,120.880621,11,1,117
1551713630372,30.039361,120.880658,13,1,106
1551713631436,30.039359,120.880701,14,1,98
1551713632434,30.039359,120.88074,13,1,94
1551713633496,30.039368,120.88078,14,1,78
1551713634462,30.039381,120.880823,15,1,71
1551713635512,30.039396,120.88087,17,1,71
1551713636458,30.039409,120.880922,18,1,74
1551713637545,30.039418,120.880976,17,1,81
1551713638529,30.039419,120.881018,13,1,91
1551713639566,30.039412,120.881053,12,1,104
1551713640527,30.0394,120.881083,11,1,114
1551713641710,30.03938,120.881113,14,1,128
1551713642521,30.039347,120.881144,18,1,146
1551713643585,30.039301,120.881172,23,1,157
1551713644552,30.039244,120.881198,25,1,159
1551713645616,30.039182,120.881229,28,1,157
1551713646553,30.039119,120.881259,27,1,158
1551713647650,30.039058,120.881291,27,1,156
1551713648586,30.039,120.88132,24,1,158
1551713649653,30.038952,120.881342,19,1,160
1551713650591,30.038912,120.881352,15,1,170
1551713651612,30.038875,120.881344,16,1,194
1551713652591,30.038841,120.88132,17,1,215
1551713653646,30.038815,120.881284,16,1,233
1551713654545,30.038804,120.881244,18,1,253
1551713655695,30.038795,120.881192,21,1,258
1551713656544,30.038785,120.881132,24,1,258
1551713657632,30.038774,120.881061,27,1,261
1551713658546,30.038764,120.880981,29,1,261
1551713659592,30.038752,120.880896,31,1,261
1551713660547,30.038742,120.880805,33,1,262
1551713661560,30.038729,120.880711,34,1,261
1551713662546,30.038715,120.880614,34,1,260
1551713663627,30.038704,120.880514,36,1,263
1551713664508,30.038693,120.88041,37,1,263
1551713665549,30.038681,120.880303,38,1,262
1551713666509,30.038668,120.880194,39,1,262
1551713667571,30.038655,120.880081,40,1,262
1551713668472,30.038642,120.879966,40,1,262
1551713669624,30.038629,120.879849,42,1,262
1551713670505,30.038617,120.87973,42,1,263
1551713671515,30.038604,120.879609,42,1,263
1551713672503,30.038592,120.879491,41,1,262
1551713673512,30.038582,120.879376,40,1,262
1551713674469,30.038569,120.879266,38,1,261
1551713675495,30.038554,120.879159,37,1,261
1551713676468,30.03854,120.879057,35,1,261
1551713677518,30.038528,120.878961,33,1,261
1551713678539,30.038517,120.878874,29,1,261
1551713679540,30.038508,120.878802,24,1,262
1551713680467,30.038501,120.878744,19,1,262
1551713681508,30.038496,120.878704,12,1,261
1551713682466,30.038489,120.878675,10,1,256
1551713683537,30.03848,120.878651,8,1,248
1551713684427,30.038469,120.878632,8,1,240
1551713685509,30.038458,120.878619,6,1,233
1551713686428,30.038436,120.878602,12,1,215
1551713687482,30.038398,120.878586,16,1,200
1551713688428,30.03835,120.878575,20,1,190
1551713689537,30.038295,120.878577,23,1,177
1551713690463,30.038233,120.878588,26,1,170
1551713691483,30.038164,120.878607,29,1,164
1551713692466,30.03809,120.87863,31,1,164
1551713693431,30.03801,120.878653,33,1,166
1551713694428,30.037925,120.878679,35,1,164
1551713695488,30.037836,120.878706,37,1,165
1551713696438,30.037743,120.878737,39,1,163
1551713697528,30.037645,120.878766,40,1,165
1551713698391,30.037544,120.878796,42,1,165
1551713699456,30.03744,120.878827,43,1,165
1551713700371,30.037333,120.878856,43,1,166
1551713701417,30.037227,120.878883,43,1,167
1551713702366,30.037123,120.878909,42,1,168
1551713703456,30.037023,120.878933,40,1,167
1551713704422,30.036926,120.87896,40,1,166
1551713705478,30.036832,120.878989,38,1,164
1551713706458,30.036746,120.87902,35,1,162
1551713707477,30.036667,120.879044,31,1,166
1551713708456,30.036599,120.879059,26,1,171
1551713709610,30.036536,120.879055,24,1,185
1551713710486,30.036488,120.879037,19,1,201
1551713711496,30.036447,120.878998,23,1,222
1551713712445,30.036428,120.878938,23,1,251
1551713713528,30.036423,120.878873,22,1,263
1551713714495,30.036416,120.878802,26,1,263
1551713715539,30.036406,120.878715,32,1,262
1551713716475,30.036395,120.878619,33,1,262
1551713717449,30.036383,120.878519,35,1,263
1551713718418,30.036368,120.878412,37,1,260
1551713719650,30.036353,120.8783,39,1,261
1551713720414,30.036339,120.878188,39,1,262
1551713721438,30.036324,120.878072,41,1,261
1551713722411,30.036312,120.877955,41,1,264
1551713723473,30.036299,120.877834,43,1,263
1551713724339,30.036286,120.877711,43,1,263
1551713725425,30.036273,120.877585,44,1,263
1551713726340,30.036256,120.877456,45,1,262
1551713727431,30.036243,120.877326,46,1,263
1551713728344,30.036226,120.877193,47,1,262
1551713729502,30.03621,120.877059,47,1,262
1551713730390,30.036193,120.876924,47,1,262
1551713731391,30.036178,120.876787,47,1,262
1551713732344,30.036161,120.876651,48,1,262
1551713733408,30.036144,120.876514,48,1,262
1551713734374,30.036128,120.876379,47,1,262
1551713735379,30.036111,120.876247,46,1,262
1551713736338,30.036096,120.876118,45,1,262
1551713737382,30.036083,120.875991,44,1,263
1551713738356,30.036068,120.875865,44,1,263
1551713740300,30.03604,120.875618,42,1,262
1551713740300,30.03604,120.875618,42,1,262
1551713741433,30.036026,120.8755,41,1,262
1551713742365,30.036012,120.875383,41,1,262
1551713743445,30.035994,120.875266,41,1,260
1551713744364,30.035979,120.875156,38,1,260
1551713745478,30.035975,120.875057,34,1,267
1551713746397,30.035976,120.874961,33,1,271
1551713747426,30.035973,120.874862,34,1,267
1551713748376,30.035959,120.87476,36,1,260
1551713749442,30.035942,120.874652,38,1,260
1551713750366,30.035926,120.87454,40,1,261
1551713751477,30.035907,120.874424,41,1,260
1551713752415,30.03589,120.874307,41,1,261
1551713753470,30.035874,120.874185,43,1,262
1551713755433,30.035843,120.873933,45,1,262
1551713756386,30.03583,120.873808,44,1,262
1551713757478,30.03582,120.873683,44,1,265
1551713758390,30.035812,120.873563,42,1,266
1551713759497,30.035804,120.873446,40,1,265
1551713760361,30.035795,120.873339,37,1,264
1551713761445,30.035784,120.873244,33,1,262
1551713762374,30.035774,120.873164,27,1,263
1551713763481,30.035764,120.873096,23,1,262
1551713764390,30.035757,120.873041,18,1,262
1551713765398,30.035752,120.873001,13,1,264
1551713766360,30.035749,120.872978,7,1,262
1551713767405,30.035746,120.872966,3,1,262
1551713768354,30.035744,120.872963,0,1,0
1551713769456,30.035742,120.872961,0,1,0
1551713770349,30.03574,120.872961,0,1,0
1551713771375,30.035739,120.87296,0,1,0
1551713772323,30.035738,120.872959,0,1,0
1551713773323,30.035737,120.872959,0,1,0
1551713774280,30.035736,120.872956,0,1,262
1551713775458,30.035734,120.872949,3,1,261
1551713776318,30.035731,120.872929,8,1,263
1551713777361,30.035726,120.872892,14,1,262
1551713778328,30.035721,120.872842,18,1,262
1551713779391,30.035716,120.872781,22,1,265
1551713780381,30.03571,120.87271,25,1,264
1551713781507,30.035702,120.872633,28,1,263
1551713782355,30.035692,120.872546,31,1,262
1551713783397,30.03568,120.872451,34,1,262
1551713784382,30.035668,120.872349,36,1,262
1551713785456,30.035655,120.872243,38,1,262
1551713786381,30.035641,120.87213,39,1,261
1551713787480,30.035626,120.87201,42,1,261
1551713788407,30.03561,120.871888,43,1,261
1551713789469,30.035593,120.871764,44,1,261
1551713789469,30.035593,120.871764,44,1,261
1551713791491,30.035546,120.871519,44,1,257
1551713792440,30.035527,120.871397,43,1,260
1551713793481,30.03551,120.871281,41,1,260
1551713794403,30.035497,120.871171,39,1,261
1551713795427,30.035482,120.87107,35,1,260
1551713796365,30.03547,120.87098,31,1,260
1551713797434,30.035459,120.870903,26,1,260
1551713798365,30.035453,120.870848,18,1,261
1551713799463,30.035449,120.870804,14,1,260
1551713800370,30.035446,120.870774,10,1,262
1551713801410,30.035445,120.870757,5,1,261
1551713802387,30.035448,120.870754,0,1,0
1551713803412,30.035451,120.870753,0,1,0
1551713804370,30.035454,120.870753,0,1,0
1551713805472,30.035457,120.870752,0,1,0
1551713806389,30.03546,120.870752,0,1,0
1551713807403,30.035461,120.870752,0,1,0
1551713808326,30.035462,120.870751,0,1,0
1551713809378,30.035464,120.870752,0,1,0
1551713810297,30.035467,120.870752,0,1,0
1551713811471,30.03547,120.870752,0,1,0
1551713812330,30.035473,120.870752,0,1,0
1551713813408,30.035477,120.870752,0,1,0
1551713814338,30.03548,120.870752,0,1,0
1551713815372,30.035483,120.870752,0,1,0
1551713816326,30.035486,120.870752,0,1,0
1551713817400,30.035489,120.870751,0,1,0
1551713818324,30.035491,120.870751,0,1,0
1551713819387,30.035493,120.870751,0,1,0
1551713820356,30.035494,120.87075,0,1,0
1551713821336,30.035495,120.87075,0,1,0
1551713822291,30.035495,120.870748,0,1,0
1551713823390,30.035495,120.870743,0,1,262
1551713824321,30.035494,120.870729,5,1,266
1551713825470,30.035492,120.870704,9,1,266
1551713826355,30.035489,120.870666,14,1,266
1551713827418,30.035486,120.87062,16,1,266
1551713828358,30.035483,120.870569,18,1,267
1551713829513,30.03548,120.87051,21,1,268
1551713830413,30.035477,120.870444,23,1,268
1551713831482,30.035473,120.870372,25,1,267
1551713832420,30.035466,120.870294,27,1,264
1551713833469,30.035456,120.870211,29,1,263
1551713834413,30.035445,120.870123,31,1,262
1551713835518,30.035433,120.870028,33,1,262
1551713836381,30.035417,120.869928,35,1,260
1551713837561,30.035399,120.869824,37,1,259
1551713838377,30.03538,120.869717,38,1,259
1551713839457,30.035361,120.869603,41,1,260
1551713840381,30.035342,120.869482,43,1,261
1551713841476,30.035325,120.869357,44,1,261
1551713842373,30.035308,120.869228,46,1,262
1551713843417,30.035291,120.869096,47,1,262
1551713844375,30.035274,120.868961,47,1,262
1551713845509,30.035258,120.868828,47,1,262
1551713846350,30.035242,120.868697,46,1,262
1551713847495,30.035225,120.868567,46,1,262
1551713848340,30.035207,120.868434,47,1,261
1551713849425,30.035186,120.868296,49,1,261
1551713850335,30.035166,120.868151,51,1,261
1551713851468,30.035146,120.868002,53,1,261
1551713852368,30.035127,120.867847,55,1,262
1551713853438,30.035107,120.867685,57,1,262
1551713854337,30.03509,120.867522,57,1,263
1551713855471,30.035073,120.867361,56,1,263
1551713856386,30.035056,120.86721,53,1,262
1551713857406,30.03504,120.867067,50,1,263
1551713858368,30.035021,120.866945,43,1,260
1551713859476,30.035001,120.866838,38,1,259
1551713860376,30.034989,120.86674,34,1,262
1551713861369,30.034979,120.866656,28,1,262
1551713862343,30.034972,120.866592,21,1,262
1551713863370,30.034966,120.866547,14,1,261
1551713864326,30.034963,120.866523,7,1,261
1551713865448,30.034961,120.866513,2,1,261
1551713866330,30.034962,120.866511,0,1,0
1551713867364,30.034963,120.866509,0,1,0
1551713868331,30.034963,120.866508,0,1,0
1551713869331,30.034963,120.866506,0,1,0
1551713870291,30.034963,120.866505,0,1,0
1551713871356,30.034962,120.866505,0,1,0
1551713872292,30.034962,120.866504,0,1,0
1551713873330,30.034961,120.866502,0,1,0
1551713874299,30.034961,120.866498,0,1,261
1551713875358,30.034959,120.866483,6,1,262
1551713876290,30.034954,120.866453,11,1,261
1551713877490,30.034947,120.866415,14,1,257
1551713878361,30.034932,120.866371,17,1,247
1551713879479,30.034906,120.866327,19,1,235
1551713880433,30.034867,120.866288,21,1,218
1551713881465,30.034816,120.866264,22,1,199
1551713882386,30.034759,120.866261,23,1,180
1551713883472,30.034696,120.866274,26,1,169
1551713884418,30.034628,120.866295,29,1,164
1551713885494,30.034553,120.866319,31,1,164
1551713886456,30.034473,120.866346,33,1,163
1551713887478,30.03439,120.866376,35,1,162
1551713888424,30.034302,120.866408,37,1,162
1551713889567,30.034213,120.86644,38,1,162
1551713890420,30.034117,120.866474,40,1,163
1551713891509,30.034017,120.86651,42,1,162
1551713892413,30.033914,120.866545,43,1,164
1551713893449,30.033806,120.866586,45,1,161
1551713894444,30.033695,120.866625,46,1,163
1551713895505,30.033583,120.866663,47,1,164
1551713896444,30.033468,120.866702,48,1,163
1551713897505,30.033353,120.866741,47,1,163
1551713898443,30.03324,120.866781,47,1,163
1551713899492,30.033131,120.866818,45,1,163
1551713900409,30.033025,120.866854,44,1,163
1551713901501,30.032921,120.866891,43,1,162
1551713902476,30.032824,120.866931,41,1,160
1551713903484,30.032731,120.866973,39,1,158
1551713904445,30.032637,120.867013,39,1,160
1551713905522,30.032545,120.867047,38,1,162
1551713906410,30.032457,120.867079,36,1,163
1551713907512,30.032376,120.867107,33,1,163
1551713908440,30.032307,120.867133,28,1,162
1551713909538,30.032248,120.867154,23,1,163
1551713910403,30.032199,120.86717,19,1,165
1551713911457,30.032162,120.867182,14,1,164
1551713912402,30.03214,120.867189,7,1,165
1551713913518,30.032132,120.867191,0,1,165
1551713914422,30.03213,120.867191,0,1,0
1551713915440,30.032129,120.86719,0,1,0
1551713916400,30.032129,120.867189,0,1,0
1551713917432,30.032129,120.867188,0,1,0
1551713918396,30.032128,120.867187,0,1,0
1551713919412,30.032128,120.867186,0,1,0
1551713920362,30.032128,120.867185,0,1,0
1551713921412,30.032127,120.867185,0,1,0
1551713922368,30.032127,120.867184,0,1,0
1551713923411,30.032127,120.867183,0,1,0
1551713924343,30.032127,120.867183,0,1,0
1551713925413,30.032126,120.867183,0,1,0
1551713926356,30.032126,120.867183,0,1,0
1551713927425,30.032122,120.867184,0,1,164
1551713928397,30.032113,120.867186,5,1,165
1551713929448,30.03209,120.867194,11,1,164
1551713930395,30.032057,120.867205,15,1,163
1551713931470,30.032014,120.86722,19,1,163
1551713932430,30.031963,120.867237,22,1,164
1551713933431,30.031903,120.867255,25,1,165
1551713934458,30.03184,120.867274,27,1,165
1551713935489,30.031771,120.867297,29,1,164
1551713936454,30.031696,120.867325,32,1,162
1551713937534,30.031617,120.867357,34,1,160
1551713938453,30.031535,120.867392,35,1,159
1551713939504,30.03145,120.867429,36,1,159
1551713940463,30.031363,120.867469,38,1,159
1551713941502,30.031272,120.867509,39,1,159
1551713942423,30.031179,120.867552,40,1,158
1551713943500,30.031082,120.867597,42,1,158
1551713944448,30.030981,120.867642,43,1,158
1551713945450,30.030879,120.867689,44,1,158
1551713946415,30.030773,120.867738,46,1,158
1551713947463,30.030666,120.867788,46,1,157
1551713948450,30.030556,120.867839,47,1,158
1551713949534,30.030445,120.867891,48,1,158
1551713950447,30.030331,120.867943,49,1,158
1551713951512,30.030215,120.867995,50,1,158
1551713952412,30.030097,120.868049,51,1,158
1551713953438,30.029976,120.868104,52,1,158
1551713954411,30.029852,120.868159,53,1,159
1551713955475,30.029726,120.868217,54,1,158
1551713956477,30.029598,120.868276,55,1,158
1551713957438,30.029469,120.868335,56,1,158
1551713958449,30.029337,120.868395,57,1,159
1551713959496,30.029204,120.868454,57,1,159
1551713960417,30.029071,120.868515,57,1,158
1551713961479,30.028936,120.868575,58,1,159
1551713962440,30.028801,120.868636,58,1,158
1551713963512,30.028665,120.868698,58,1,158
1551713964446,30.028529,120.868763,59,1,157
1551713965461,30.028392,120.868832,59,1,157
1551713966453,30.028255,120.868898,59,1,157
1551713967547,30.028116,120.868962,60,1,158
1551713968447,30.027977,120.869025,59,1,158
1551713969499,30.02784,120.869087,58,1,159
1551713970475,30.027704,120.86915,58,1,158
1551713971494,30.027571,120.869212,56,1,158
1551713972436,30.027443,120.869272,55,1,158
1551713973587,30.027319,120.869333,53,1,156
1551713974476,30.0272,120.869397,52,1,154
1551713975614,30.027084,120.869463,51,1,153
1551713976466,30.026972,120.869528,49,1,153
1551713977525,30.026862,120.869592,49,1,153
1551713978468,30.02675,120.869659,50,1,153
1551713979571,30.026636,120.869727,51,1,153
1551713980475,30.026522,120.869795,52,1,152
1551713981542,30.026405,120.869867,53,1,152
1551713982496,30.026285,120.86994,54,1,152
1551713983538,30.026161,120.870015,56,1,152
1551713984463,30.026036,120.870091,56,1,152
1551713985591,30.02591,120.870167,57,1,152
1551713986491,30.025783,120.870246,58,1,152
1551713987517,30.025653,120.870323,58,1,153
1551713988468,30.025522,120.870399,59,1,153
1551713989615,30.025391,120.870476,59,1,153
1551713990507,30.02526,120.870553,59,1,153
1551713991550,30.025129,120.870629,58,1,153
1551713992494,30.025002,120.870702,57,1,154
1551713993524,30.024876,120.870774,55,1,153
1551713994490,30.024756,120.870844,54,1,153
1551713996493,30.024524,120.870975,50,1,154
1551713997455,30.024418,120.871038,47,1,152
1551713997508,30.024418,120.871038,47,1,152
1551713999486,30.024242,120.871144,35,1,152
1551714000494,30.024172,120.87118,29,1,157
1551714001487,30.024107,120.871198,26,1,169
1551714002488,30.024048,120.871196,23,1,187
1551714003489,30.023999,120.871174,20,1,208
1551714003535,30.023998,120.871174,20,1,208
1551714005523,30.023933,120.871071,26,1,243
1551714005523,30.023933,120.871071,26,1,243
1551714007479,30.023886,120.870911,31,1,254
1551714008458,30.023863,120.870819,35,1,255
1551714009491,30.02384,120.870718,37,1,256
1551714010485,30.023816,120.87061,39,1,256
1551714011481,30.023786,120.870499,41,1,253
1551714012412,30.023752,120.870384,43,1,251
1551714013452,30.023716,120.870266,44,1,250
1551714014410,30.023675,120.870146,45,1,248
1551714015436,30.023628,120.870023,47,1,246
1551714016447,30.023578,120.869902,46,1,244
1551714017527,30.023524,120.869782,47,1,242
1551714018447,30.023467,120.869663,47,1,240
1551714019411,30.023407,120.869545,48,1,239
1551714020412,30.023343,120.869428,48,1,237
1551714021482,30.023275,120.869313,49,1,235
1551714022410,30.023203,120.869198,49,1,233
1551714023508,30.023127,120.869087,49,1,232
1551714024477,30.023048,120.868978,50,1,230
1551714025487,30.022961,120.868869,52,1,227
1551714026452,30.02287,120.868763,52,1,225
1551714027472,30.022776,120.868654,53,1,225
1551714028445,30.022677,120.868547,55,1,224
1551714029469,30.022576,120.868437,56,1,223
1551714030467,30.022473,120.868325,57,1,224
1551714031550,30.022368,120.868211,58,1,224
1551714032467,30.022262,120.868093,59,1,224
1551714033526,30.022154,120.867975,60,1,224
1551714034439,30.022045,120.867857,60,1,223
1551714035500,30.021936,120.867739,60,1,223
1551714036497,30.021826,120.86762,60,0,223
1551714037536,30.021716,120.867501,60,0,224
1551714038512,30.021607,120.867381,61,0,224
1551714039565,30.021496,120.867261,61,0,223
1551714040547,30.021386,120.867141,61,1,224
1551714041541,30.021276,120.867021,61,1,223
1551714042494,30.021165,120.8669,61,0,223
1551714043496,30.021056,120.86678,60,0,224
1551714044535,30.020947,120.866661,60,0,223
1551714045529,30.020838,120.866542,60,1,223
1551714046537,30.020729,120.866426,60,1,223
1551714047535,30.02062,120.866311,59,1,223
1551714048532,30.020512,120.866197,59,1,223
1551714049582,30.020406,120.866084,58,0,223
1551714050568,30.020301,120.865971,58,1,223
1551714051569,30.020197,120.865857,57,1,224
1551714052536,30.020095,120.865743,57,1,224
1551714053569,30.019992,120.865631,57,0,224
1551714054568,30.01989,120.865519,56,0,224
1551714055597,30.019788,120.865409,56,0,223
1551714056562,30.019684,120.865298,57,0,223
1551714057608,30.019579,120.865186,57,0,223
1551714058597,30.019474,120.865073,57,0,223
1551714059667,30.019369,120.864961,57,0,223
1551714060593,30.019266,120.864849,56,0,224
1551714061597,30.019163,120.864738,56,1,223
1551714062557,30.019062,120.864628,56,0,223
1551714063623,30.01896,120.864519,55,0,223
1551714064564,30.018859,120.864411,55,0,223
1551714065592,30.01876,120.864304,54,1,224
1551714066567,30.018662,120.864197,54,1,224
1551714067606,30.018565,120.864092,53,1,223
1551714068525,30.018469,120.863989,52,1,223
1551714069569,30.018374,120.863888,51,1,223
1551714070558,30.018279,120.86379,51,1,221
1551714071624,30.018182,120.863697,50,1,220
1551714072520,30.018085,120.863608,49,0,219
1551714073618,30.017986,120.863524,49,0,216
1551714074559,30.017886,120.863444,48,1,215
1551714075613,30.017787,120.863368,47,1,213
1551714076520,30.017689,120.863295,46,1,213
1551714077622,30.017595,120.863227,44,1,212
1551714078493,30.017507,120.863166,41,1,211
1551714079542,30.017423,120.863116,37,1,206
1551714080542,30.017348,120.863073,32,1,206
1551714081477,30.017286,120.863039,26,1,204
1551714082520,30.017235,120.863014,21,1,203
1551714083497,30.017196,120.862996,15,1,202
1551714084449,30.017172,120.862985,8,1,202
1551714085453,30.017163,120.86298,2,1,202
1551714086423,30.017161,120.862979,0,1,0
1551714087448,30.01716,120.862978,0,1,0
1551714088414,30.01716,120.862977,0,1,0
1551714089393,30.01716,120.862976,0,1,0
1551714090387,30.01716,120.862975,0,1,0
1551714091529,30.01716,120.862974,0,1,0
1551714092384,30.01716,120.862973,0,1,0
1551714093458,30.01716,120.862972,0,1,0
1551714094377,30.01716,120.862972,0,1,0
1551714095411,30.01716,120.862971,0,1,0
1551714096385,30.017159,120.862972,0,1,0
1551714097431,30.017159,120.862971,0,1,0
1551714098385,30.017158,120.862971,0,1,0
1551714099419,30.017158,120.862971,0,1,0
1551714100408,30.017158,120.862971,0,1,0
1551714101417,30.017157,120.862971,0,1,0
1551714102371,30.017157,120.862971,0,1,0
1551714103368,30.017157,120.862971,0,1,0
1551714104339,30.017156,120.862971,0,1,0
1551714105385,30.017156,120.862971,0,1,0
1551714106375,30.017156,120.862971,0,1,0
1551714107354,30.017155,120.862971,0,1,0
1551714108305,30.017155,120.862971,0,1,0
1551714109360,30.017154,120.862971,0,1,0
1551714110297,30.017154,120.862971,0,1,0
1551714111356,30.017154,120.862971,0,1,0
1551714112336,30.017154,120.862971,0,1,0
1551714113400,30.017154,120.862972,0,1,0
1551714114277,30.017154,120.862972,0,1,0
1551714115304,30.017154,120.862971,0,1,0
1551714116300,30.017154,120.862971,0,1,0
1551714117369,30.017153,120.86297,0,1,0
1551714118369,30.017153,120.862969,0,1,0
1551714119371,30.017152,120.862969,0,1,0
1551714120405,30.017152,120.862969,0,1,0
1551714121414,30.017151,120.862968,0,1,0
1551714122360,30.017151,120.862968,0,1,0
1551714123413,30.017151,120.862968,0,1,0
1551714124392,30.017151,120.862968,0,1,0
1551714125397,30.01715,120.862967,0,1,0
1551714126361,30.01715,120.862967,0,1,0
1551714127412,30.01715,120.862967,0,1,0
1551714128358,30.01715,120.862967,0,1,0
1551714129437,30.01715,120.862967,0,1,0
1551714130458,30.01715,120.862968,0,1,0
1551714131437,30.01715,120.862968,0,1,0
1551714132427,30.01715,120.862968,0,1,0
1551714133445,30.01715,120.862968,0,1,0
1551714134419,30.017149,120.862968,0,1,0
1551714135436,30.017149,120.862969,0,1,0
1551714136457,30.017149,120.862969,0,1,0
1551714137455,30.017148,120.862968,0,1,0
1551714138422,30.017148,120.862968,0,1,0
1551714139492,30.017148,120.862967,0,1,0
1551714140416,30.017148,120.862967,0,1,0
1551714141448,30.017148,120.862967,0,1,0
1551714142450,30.017148,120.862966,0,1,0
1551714143467,30.017147,120.862966,0,1,0
1551714144413,30.017147,120.862967,0,1,0
1551714145453,30.017147,120.862967,0,1,0
1551714146441,30.017146,120.862966,0,1,0
1551714147458,30.017146,120.862966,0,1,0
1551714148448,30.017146,120.862966,0,1,0
1551714149499,30.017146,120.862964,0,1,0
1551714150411,30.017146,120.862963,0,1,0
1551714151478,30.017146,120.862963,0,1,0
1551714152460,30.017146,120.862963,0,1,0
1551714153467,30.017146,120.862963,0,1,0
1551714154489,30.017146,120.862963,0,1,0
1551714155469,30.017146,120.862963,0,1,0
1551714156449,30.017147,120.862963,0,1,0
1551714157484,30.017147,120.862963,0,1,0
1551714158405,30.017147,120.862963,0,1,0
1551714159461,30.017147,120.862963,0,1,0
1551714160442,30.017148,120.862964,0,1,0
1551714161462,30.017148,120.862964,0,1,0
1551714162401,30.017147,120.862964,0,1,0
1551714163448,30.017146,120.862964,0,1,0
1551714164433,30.017143,120.862963,0,1,200
1551714165498,30.017133,120.862958,5,1,200
1551714166504,30.01711,120.862949,12,1,199
1551714167498,30.017074,120.862937,17,1,195
1551714168504,30.017025,120.862927,20,1,188
1551714169530,30.016969,120.862929,24,1,177
1551714170506,30.016908,120.862945,26,1,165
1551714171522,30.016847,120.862974,27,1,155
1551714172529,30.01679,120.863021,28,1,142
1551714173616,30.016737,120.863081,30,1,132
1551714174573,30.016688,120.863154,32,1,127
1551714175639,30.016638,120.863233,35,1,126
1551714176564,30.016584,120.863316,36,1,127
1551714177622,30.016529,120.863403,38,1,126
1551714178624,30.016472,120.863497,40,1,125
1551714179728,30.016408,120.86359,42,1,130
1551714180622,30.016341,120.863683,42,1,129
1551714181705,30.016275,120.863777,42,1,130
1551714182622,30.016207,120.863872,43,1,129
1551714183655,30.016137,120.863968,43,1,130
1551714184626,30.016066,120.864062,44,1,131
1551714185682,30.015995,120.864158,44,1,130
1551714186587,30.015924,120.864257,45,1,129
1551714187623,30.015847,120.864351,45,1,134
1551714188551,30.015769,120.864449,47,1,131
1551714189565,30.015688,120.864551,48,1,132
1551714190530,30.015601,120.864655,50,1,136
1551714191528,30.015515,120.864755,48,1,136
1551714192490,30.01543,120.864849,46,1,137
1551714193528,30.01535,120.864934,42,1,139
1551714194513,30.01528,120.865011,37,2,135
1551714195586,30.015227,120.865098,36,2,123
1551714196457,30.015155,120.86516,37,1,145
1551714197552,30.01507,120.865222,38,1,148
1551714198487,30.014991,120.86528,38,1,145
1551714199558,30.014908,120.865336,38,1,149
1551714200527,30.014823,120.865387,38,1,153
1551714201505,30.014734,120.865435,40,1,155
1551714202513,30.01464,120.865483,40,1,157
1551714203591,30.01454,120.865522,41,1,160
1551714204534,30.01444,120.865559,41,1,162
1551714205558,30.014339,120.865593,41,1,164
1551714206480,30.014237,120.865623,42,1,165
1551714207548,30.014135,120.865656,42,1,163
1551714208489,30.014031,120.865682,42,1,168
1551714209526,30.01393,120.865707,40,1,167
1551714210475,30.013834,120.865733,39,1,166
1551714211546,30.013736,120.86575,38,1,171
1551714212483,30.013642,120.865765,37,1,170
1551714213551,30.013551,120.865781,35,1,171
1551714214442,30.013465,120.865801,35,1,167
1551714215485,30.013378,120.865823,34,1,165
1551714216483,30.013297,120.865846,33,1,167
1551714217524,30.01322,120.865868,31,1,166
1551714218507,30.013144,120.865882,29,1,169
1551714219528,30.013077,120.865896,25,1,168
1551714220501,30.013021,120.86591,21,1,167
1551714221510,30.012973,120.865923,18,1,165
1551714222501,30.012933,120.865931,15,1,170
1551714223551,30.012901,120.865936,11,1,170
1551714224567,30.012878,120.865937,6,1,168
1551714225560,30.012871,120.865941,0,1,167
1551714226501,30.012868,120.865942,0,1,0
1551714227567,30.012866,120.865941,0,1,0
1551714228464,30.012864,120.865939,0,1,0
1551714229533,30.012862,120.865936,0,1,0
1551714230467,30.01286,120.865935,0,1,0
1551714231582,30.012859,120.865935,0,1,0
1551714232429,30.012859,120.865936,0,1,0
1551714233473,30.012859,120.865936,0,1,0
1551714234431,30.012859,120.865936,0,1,0
1551714235431,30.012859,120.865937,0,1,0
1551714237394,30.012859,120.865937,0,1,0
1551714238391,30.012859,120.865937,0,1,0
1551714239403,30.012859,120.865937,0,1,0
1551714240376,30.012858,120.865936,0,1,0
1551714241431,30.012858,120.865937,0,1,0
1551714242363,30.012857,120.865936,0,1,0
1551714243390,30.012857,120.865936,0,1,0
1551714244374,30.012856,120.865936,0,1,0
1551714245429,30.012856,120.865936,0,1,0
1551714246354,30.012856,120.865937,0,1,0
1551714247410,30.012856,120.865936,0,1,0
1551714248365,30.012856,120.865936,0,1,0
1551714249424,30.012855,120.865936,0,1,0
1551714250352,30.012855,120.865936,0,1,0
1551714251407,30.012855,120.865936,0,1,0
1551714252383,30.012855,120.865936,0,1,0
1551714253437,30.012856,120.865935,0,1,0
1551714254350,30.012856,120.865935,0,1,0
1551714255436,30.012856,120.865935,0,1,0
1551714256388,30.012856,120.865934,0,1,0
1551714257438,30.012856,120.865934,0,1,0
1551714258425,30.012857,120.865934,0,1,0
1551714259444,30.012856,120.865933,0,1,0
1551714260427,30.012856,120.865933,0,1,0
1551714261455,30.012857,120.865933,0,1,0
1551714262411,30.012857,120.865933,0,1,0
1551714263424,30.012857,120.865932,0,1,0
1551714264418,30.012857,120.865932,0,1,0
1551714265477,30.012857,120.865933,0,1,0
1551714266443,30.012857,120.865932,0,1,0
1551714267485,30.012857,120.865932,0,1,0
1551714268447,30.012856,120.865932,0,1,0
1551714269448,30.012856,120.865932,0,1,0
1551714270448,30.012855,120.865931,0,1,0
1551714271487,30.012854,120.865931,0,1,0
1551714272422,30.012854,120.86593,0,1,0
1551714273491,30.012853,120.86593,0,1,0
1551714274437,30.012853,120.865929,0,1,0
1551714275446,30.012852,120.865929,0,1,0
1551714276408,30.012852,120.865929,0,1,0
1551714277490,30.012851,120.865929,0,1,0
1551714278462,30.012851,120.865928,0,1,0
1551714279472,30.01285,120.865928,0,1,0
1551714280445,30.01285,120.865927,0,1,0
1551714280445,30.01285,120.865927,0,1,0
1551714282437,30.012849,120.865926,0,1,0
1551714283468,30.012849,120.865926,0,1,0
1551714284468,30.012848,120.865925,0,1,0
1551714285471,30.012848,120.865924,0,1,0
1551714286465,30.012847,120.865923,0,1,0
1551714287412,30.012847,120.865922,0,1,0
1551714288429,30.012845,120.865922,0,1,167
1551714289486,30.012836,120.865923,4,1,171
1551714290435,30.01282,120.865926,8,1,172
1551714291498,30.012793,120.865927,12,1,177
1551714292473,30.012753,120.865929,18,1,177
1551714293500,30.012701,120.865933,22,1,176
1551714294499,30.012639,120.865942,26,1,172
1551714294499,30.012639,120.865942,26,1,172
1551714296492,30.012487,120.865968,34,1,171
1551714297597,30.012397,120.865987,37,1,169
1551714298534,30.0123,120.866008,41,1,169
1551714299579,30.012195,120.866029,43,1,170
1551714300558,30.012085,120.866048,45,1,172
1551714301572,30.011972,120.86607,46,1,170
1551714302527,30.01186,120.866097,46,1,168
1551714303552,30.01175,120.866127,45,1,165
1551714304558,30.011645,120.866149,41,1,170
1551714305589,30.011549,120.866168,39,1,170
1551714306553,30.011457,120.866184,37,1,171
1551714307586,30.011366,120.866199,36,1,172
1551714308517,30.01128,120.866221,35,1,167
1551714309588,30.011192,120.86624,36,1,170
1551714310521,30.011106,120.866261,35,1,168
1551714311557,30.011019,120.866278,35,1,171
1551714312518,30.01093,120.86629,34,1,171
1551714313590,30.010846,120.866301,33,1,171
1551714314519,30.010767,120.866314,31,1,171
1551714315554,30.010694,120.866329,30,1,170
1551714316546,30.010625,120.866344,28,1,170
1551714317613,30.010565,120.866352,22,1,173
1551714318520,30.01052,120.866352,17,1,181
1551714319558,30.010484,120.866338,13,1,197
1551714320515,30.010467,120.866324,7,1,208
1551714321534,30.010463,120.866311,5,1,219
1551714322509,30.010462,120.866297,5,1,237
1551714323558,30.010462,120.866292,0,1,0
1551714324475,30.010459,120.866289,0,1,0
1551714325459,30.010459,120.866291,0,1,0
1551714326417,30.010463,120.866296,3,1,359
1551714327454,30.010464,120.866298,0,1,0
1551714328344,30.010463,120.866297,0,1,0
1551714329386,30.010467,120.866293,3,1,0
1551714330407,30.010473,120.866283,5,1,350
1551714331392,30.010473,120.866265,6,1,298
1551714332349,30.010476,120.866252,5,1,0
1551714333371,30.010478,120.866226,11,1,275
1551714334325,30.010477,120.866183,16,1,270
1551714335342,30.010485,120.866128,21,1,277
1551714336342,30.010494,120.866063,24,1,278
1551714337400,30.010506,120.865997,24,1,279
1551714338310,30.010517,120.86593,26,1,278
1551714339362,30.01052,120.865854,27,1,274
1551714340272,30.010523,120.865771,28,1,275
1551714341308,30.01052,120.865669,33,1,271
1551714342312,30.010493,120.86556,37,1,254
1551714343365,30.010496,120.865464,34,1,275
1551714344270,30.010495,120.86538,29,1,271
1551714345306,30.010496,120.865297,27,1,273
1551714346306,30.010492,120.865212,28,1,270
1551714347334,30.010492,120.865129,29,1,271
1551714348332,30.010503,120.865045,29,1,283
1551714349412,30.010486,120.864935,35,1,265
1551714350332,30.010457,120.864826,37,1,253
1551714351379,30.010449,120.864742,26,1,262
1551714352327,30.010448,120.864687,17,1,266
1551714353377,30.010452,120.864637,17,1,273
1551714354367,30.010459,120.864604,11,1,279
1551714355392,30.010464,120.864569,13,1,282
1551714356367,30.010474,120.864534,13,1,287
1551714357395,30.01047,120.864486,16,1,276
1551714358361,30.010467,120.864435,17,1,274
1551714359422,30.010461,120.864388,15,1,271
1551714360397,30.010457,120.864337,18,1,270
1551714361389,30.010455,120.864277,21,1,273
1551714362354,30.01045,120.864201,26,1,270
1551714363428,30.010446,120.864127,25,1,268
1551714364427,30.010436,120.864049,27,1,267
1551714365447,30.010429,120.863961,29,1,269
1551714366458,30.010426,120.863872,29,1,273
1551714367456,30.01043,120.863785,28,1,278
1551714368425,30.010437,120.8637,25,1,277
1551714369483,30.010444,120.863619,22,1,271
1551714370456,30.010473,120.863563,14,1,281
1551714371432,30.01045,120.863482,14,1,271
1551714372456,30.010448,120.863441,10,1,271
1551714373599,30.010409,120.863376,10,1,266
1551714374388,30.010374,120.863316,9,1,260
1551714375464,30.01036,120.863279,9,1,254
1551714376398,30.010349,120.863252,8,1,252
1551714377494,30.010336,120.863226,9,1,241
1551714378454,30.010317,120.863201,5,1,235
1551714379482,30.010303,120.863184,4,1,226
1551714380417,30.010283,120.863163,6,1,212
1551714381503,30.010252,120.863144,9,2,200
1551714382413,30.010206,120.863117,15,1,198
1551714383442,30.010144,120.863089,20,1,192
1551714384443,30.010078,120.863069,24,1,188
1551714385438,30.010003,120.863051,29,1,186
1551714386408,30.00992,120.863038,33,1,185
1551714387456,30.009825,120.863029,37,1,182
1551714388408,30.009724,120.863025,41,1,180
1551714389460,30.009614,120.863022,44,1,180
1551714390440,30.009495,120.863018,47,1,179
1551714391437,30.009369,120.863018,50,1,179
1551714392434,30.009237,120.863017,51,1,178
1551714393493,30.009107,120.86302,51,1,178
1551714394450,30.008979,120.863025,51,1,178
1551714395480,30.008852,120.863029,50,1,178
1551714396472,30.008728,120.863031,49,1,179
1551714397471,30.008603,120.863033,49,1,179
1551714398439,30.00848,120.863036,49,1,178
1551714399458,30.008354,120.86304,50,1,178
1551714400415,30.008225,120.863045,52,1,177
1551714401438,30.008092,120.863052,53,1,177
1551714402475,30.007955,120.863059,55,1,178
1551714403506,30.007815,120.863064,56,1,178
1551714404440,30.007674,120.863069,56,1,178
1551714405497,30.007534,120.863075,55,1,178
1551714406462,30.007397,120.86308,54,1,178
1551714407527,30.007262,120.863084,54,1,178
1551714408497,30.007127,120.863089,53,1,178
1551714409523,30.006995,120.863094,52,1,178
1551714410497,30.006865,120.863097,52,1,179
1551714411471,30.006735,120.863099,51,1,179
1551714412470,30.006605,120.863101,52,1,179
1551714413526,30.006473,120.863104,53,1,179
1551714414493,30.006336,120.863105,55,1,180
1551714415544,30.006198,120.863104,55,1,180
1551714416500,30.006058,120.863103,56,1,180
1551714417603,30.005914,120.863101,57,1,180
1551714418461,30.00577,120.8631,57,1,180
1551714419549,30.005626,120.863101,57,1,179
1551714420521,30.005482,120.863107,58,1,177
1551714421533,30.005335,120.863118,59,1,176
1551714422494,30.005189,120.86313,59,1,176
1551714423509,30.005042,120.86314,58,1,177
1551714424535,30.004897,120.863149,58,1,177
1551714425519,30.004753,120.863157,57,1,177
1551714426561,30.004609,120.863164,57,1,178
1551714427567,30.004465,120.863169,57,1,178
1551714428485,30.004322,120.863175,57,1,178
1551714429541,30.004179,120.863179,57,1,178
1551714430484,30.004038,120.863184,57,1,178
1551714431586,30.003896,120.863189,57,1,178
1551714432488,30.003753,120.863194,57,1,178
1551714433562,30.00361,120.8632,57,1,178
1551714434485,30.003465,120.863208,58,1,177
1551714435558,30.003318,120.863215,59,1,178
1551714436485,30.003168,120.863221,60,1,178
1551714437526,30.003016,120.863226,61,1,178
1551714438481,30.002863,120.863231,61,1,178
1551714439565,30.002707,120.863237,62,1,178
1551714440520,30.002551,120.863244,63,1,178
1551714441504,30.002393,120.863252,63,1,178
1551714442479,30.002237,120.863259,63,1,177
1551714443565,30.002079,120.863267,63,1,178
1551714444482,30.001921,120.863271,63,1,179
1551714445482,30.001765,120.863269,62,1,181
1551714446525,30.001611,120.863265,61,1,181
1551714447525,30.001454,120.863268,63,1,178
1551714448476,30.0013,120.863268,61,1,180
1551714449508,30.001152,120.863263,58,1,182
1551714450481,30.001007,120.863257,57,1,182
1551714451481,30.000868,120.863248,56,1,183
1551714452471,30.000731,120.863235,54,1,185
1551714453465,30.000601,120.863211,52,1,190
1551714454479,30.000477,120.863175,51,1,195
1551714455511,30.000359,120.863124,50,1,203
1551714456485,30.000247,120.863056,51,1,210
1551714457541,30.000143,120.862975,50,1,215
1551714458533,30.000045,120.862888,49,1,219
1551714459512,29.999953,120.862789,48,1,225
1551714460469,29.999879,120.862684,47,1,233
1551714461536,29.999819,120.862571,46,1,240
1551714462511,29.999775,120.86245,46,1,250
1551714463539,29.999743,120.862323,44,1,254
1551714464510,29.999718,120.862212,37,1,255
1551714465539,29.999699,120.862112,34,1,259
1551714466504,29.999684,120.862018,33,1,260
1551714467560,29.999671,120.861928,31,1,260
1551714468466,29.999658,120.86184,30,1,260
1551714469527,29.999647,120.861756,29,1,261
1551714470540,29.999637,120.861675,28,1,262
1551714471528,29.999628,120.861597,27,1,262
1551714472497,29.99962,120.861524,25,1,263
1551714473510,29.999612,120.861452,25,1,262
1551714474476,29.999603,120.861379,26,1,262
1551714475543,29.999595,120.861306,26,1,263
1551714476524,29.999588,120.861235,25,1,263
1551714477528,29.999582,120.86117,21,1,265
1551714478459,29.999579,120.861121,16,1,266
1551714479522,29.999578,120.86109,8,1,267
1551714480461,29.999579,120.861078,3,1,267
1551714481497,29.99958,120.861075,0,1,0
1551714482490,29.999581,120.861074,0,1,0
1551714483455,29.999581,120.861074,0,1,0
1551714484427,29.999582,120.861073,0,1,0
1551714485398,29.999582,120.86107,0,1,267
1551714486358,29.999582,120.861054,7,1,268
1551714487405,29.999581,120.86102,14,1,269
1551714488400,29.999583,120.860972,18,1,271
1551714489504,29.999587,120.860913,22,1,272
1551714490416,29.999592,120.860844,26,1,273
1551714491459,29.999599,120.860766,28,1,274
1551714492421,29.999606,120.860679,31,1,275
1551714493500,29.999613,120.860587,33,1,275
1551714494490,29.999622,120.860492,34,1,276
1551714495481,29.999632,120.860397,33,1,277
1551714496483,29.999644,120.860307,32,1,278
1551714497477,29.999662,120.860221,31,1,286
1551714498518,29.999697,120.860145,29,1,303
1551714499531,29.999748,120.860084,30,1,317
1551714500555,29.999806,120.86003,30,1,322
1551714501579,29.999865,120.859975,30,1,320
1551714502576,29.999917,120.85991,31,1,310
1551714503612,29.999955,120.85983,32,1,294
1551714504544,29.999971,120.859742,32,1,276
1551714505584,29.999965,120.859649,32,1,262
1551714506573,29.999945,120.859554,34,1,254
1551714507630,29.999919,120.859456,36,1,253
1551714508577,29.999893,120.859353,38,1,254
1551714509613,29.999875,120.859243,39,1,261
1551714510573,29.999868,120.859126,41,1,268
1551714511602,29.999874,120.859003,44,1,275
1551714512578,29.999884,120.858873,46,1,275
1551714513641,29.999894,120.858739,48,1,275
1551714514515,29.999906,120.858601,49,1,276
1551714515623,29.999919,120.858456,51,1,276
1551714516541,29.999933,120.858306,53,1,276
1551714517556,29.999946,120.858153,54,1,276
1551714518515,29.99996,120.857998,55,1,276
1551714519532,29.999974,120.85784,56,1,276
1551714520532,29.999986,120.857678,57,1,275
1551714521526,29.999999,120.857513,58,1,275
1551714522504,30.000012,120.857347,58,1,275
1551714523568,30.000025,120.857179,59,1,275
1551714524497,30.00004,120.85701,59,1,275
1551714525557,30.000055,120.85684,59,1,276
1551714526500,30.000069,120.85667,60,1,275
1551714527563,30.000083,120.856498,60,1,275
1551714528494,30.000098,120.856326,61,1,276
1551714529553,30.000115,120.856153,61,1,277
1551714530527,30.000137,120.855979,61,1,279
1551714531899,30.000164,120.855806,61,1,281
1551714532502,30.000197,120.855634,61,1,283
1551714533563,30.000235,120.855462,62,1,285
1551714534590,30.000281,120.855291,63,1,288
1551714535560,30.000334,120.855119,63,1,290
1551714536576,30.000392,120.854947,64,1,292
1551714537566,30.000458,120.854775,65,1,294
1551714538641,30.000529,120.854603,66,1,296
1551714539558,30.000605,120.85443,67,1,297
1551714540639,30.000681,120.854257,68,1,297
1551714541557,30.000757,120.854081,68,1,296
1551714542677,30.000836,120.853904,69,1,297
1551714543557,30.000915,120.853723,71,1,297
1551714544625,30.000996,120.85354,71,1,297
1551714545621,30.001078,120.853356,72,1,297
1551714546638,30.001161,120.853171,73,1,297
1551714547595,30.001246,120.852983,74,1,297
1551714548594,30.001331,120.852792,74,1,297
1551714549590,30.001416,120.852601,75,1,297
1551714550594,30.001501,120.852405,76,1,297
1551714551583,30.001589,120.852211,76,1,297
1551714552620,30.001676,120.852019,75,1,298
1551714553582,30.00176,120.851827,74,1,296
1551714554618,30.001836,120.851633,73,1,293
1551714555551,30.001902,120.851436,73,1,290
1551714556602,30.001956,120.851238,72,1,286
1551714557551,30.002,120.851038,72,1,283
1551714558592,30.002032,120.850838,71,1,279
1551714560512,30.002067,120.85044,70,1,274
1551714561510,30.002078,120.850243,68,1,273
1551714562514,30.002089,120.850051,67,1,274
1551714563447,30.002099,120.849861,66,1,273
1551714564517,30.002111,120.849674,65,1,274
1551714565477,30.002122,120.849486,66,1,274
1551714566529,30.002134,120.849299,66,1,274
1551714567476,30.002145,120.849108,67,1,274
1551714568443,30.002157,120.848916,67,1,274
1551714569440,30.002167,120.848723,67,1,273
1551714570465,30.002178,120.848526,69,1,273
1551714571407,30.00219,120.84833,68,1,274
1551714572440,30.002202,120.848132,69,1,274
1551714573488,30.002214,120.847932,70,1,274
1551714574486,30.002227,120.847732,70,1,274
1551714575371,30.00224,120.847531,71,1,274
1551714576426,30.002253,120.847329,71,1,274
1551714577370,30.002265,120.847124,72,1,274
1551714578420,30.002278,120.846916,73,1,274
1551714579405,30.002289,120.846705,74,1,273
1551714580470,30.0023,120.846493,74,1,273
1551714581398,30.00231,120.846279,75,1,273
1551714582499,30.002322,120.846064,75,1,273
1551714583440,30.002334,120.845849,75,1,274
1551714584483,30.002348,120.845632,76,1,274
1551714585467,30.002361,120.845415,76,1,274
1551714586498,30.002374,120.845197,76,1,274
1551714587439,30.002388,120.844979,76,1,274
1551714588537,30.002403,120.844762,76,1,275
1551714589473,30.002423,120.844546,75,1,276
1551714590458,30.002448,120.844331,76,1,278
1551714591465,30.002482,120.84412,74,1,282
1551714592486,30.002526,120.843909,76,1,284
1551714593391,30.002577,120.843697,76,1,287
1551714594487,30.002639,120.843489,76,1,289
1551714595468,30.002707,120.843282,76,1,292
1551714596488,30.002785,120.843081,76,1,295
1551714597493,30.002872,120.842883,77,1,298
1551714598519,30.002963,120.842694,74,1,300
1551714599463,30.003064,120.84251,76,1,303
1551714600522,30.003173,120.842329,77,1,305
1551714601456,30.003287,120.84215,77,1,306
1551714602496,30.003402,120.84197,77,1,306
1551714603500,30.003519,120.84179,78,1,307
1551714604650,30.003637,120.84161,78,1,307
1551714605452,30.003755,120.841429,79,1,307
1551714606497,30.003874,120.841247,79,1,307
1551714607492,30.003994,120.841064,79,1,307
1551714608513,30.004113,120.840881,79,1,307
1551714609487,30.004232,120.840701,78,1,307
1551714610519,30.00435,120.840524,77,1,307
1551714611518,30.004465,120.84035,75,1,307
1551714612514,30.004577,120.840178,74,1,307
1551714613480,30.004686,120.840011,72,1,307
1551714614566,30.00479,120.839852,68,1,307
1551714615547,30.00489,120.8397,65,1,307
1551714616555,30.004982,120.839561,59,1,307
1551714617511,30.005069,120.839431,56,1,307
1551714618559,30.005152,120.839302,55,1,306
1551714619522,30.005236,120.839173,56,1,306
1551714620555,30.005321,120.839041,58,1,307
1551714621513,30.00541,120.838905,59,1,307
1551714622603,30.005502,120.838765,61,1,307
1551714623544,30.005596,120.838621,63,1,307
1551714624544,30.005693,120.838472,65,1,307
1551714625511,30.005793,120.83832,67,1,307
1551714626597,30.005897,120.838162,69,1,307
1551714627511,30.006003,120.838002,70,1,307
1551714628554,30.006112,120.83784,71,1,307
1551714629581,30.006223,120.837674,73,1,307
1551714630580,30.006334,120.837505,74,1,307
1551714631506,30.006447,120.837334,75,1,307
1551714632546,30.006561,120.837158,76,1,306
1551714633539,30.006677,120.836982,77,1,307
1551714634532,30.006794,120.836803,78,1,307
1551714635536,30.006914,120.836624,79,1,307
1551714636570,30.007036,120.836441,80,1,307
1551714637542,30.00716,120.836255,82,1,307
1551714638535,30.007284,120.836066,83,1,307
1551714639533,30.00741,120.835874,84,1,307
1551714640581,30.007536,120.83568,84,1,307
1551714641501,30.007664,120.835486,85,1,307
1551714642601,30.007794,120.83529,86,1,307
1551714643533,30.007924,120.835094,86,1,307
1551714644590,30.008054,120.834901,84,1,308
1551714645498,30.008183,120.834709,84,1,307
1551714646580,30.008311,120.834517,84,1,307
1551714647540,30.008438,120.834324,84,1,307
1551714648530,30.008567,120.834132,84,1,307
1551714649575,30.008695,120.833939,84,1,307
1551714650549,30.008824,120.833745,85,1,307
1551714651527,30.008952,120.833551,84,1,307
1551714652528,30.009078,120.833356,84,1,306
1551714653532,30.009198,120.833156,84,1,304
1551714654565,30.009304,120.832948,84,1,299
1551714655489,30.009402,120.832731,85,1,296
1551714656598,30.009489,120.832509,85,1,293
1551714657521,30.009568,120.83228,85,1,290
1551714658585,30.009633,120.832046,85,1,287
1551714659494,30.009685,120.831808,86,1,283
1551714660565,30.009727,120.831567,86,1,280
1551714661532,30.009756,120.831324,85,1,277
1551714662530,30.009779,120.83108,86,1,276
1551714663531,30.009799,120.830835,86,1,275
1551714664537,30.009817,120.830589,86,1,274
1551714665501,30.009834,120.830342,86,1,275
1551714666469,30.009852,120.830095,86,1,275
1551714667454,30.00987,120.829849,86,1,275
1551714668495,30.00989,120.829603,86,1,275
1551714669536,30.00991,120.829356,86,1,275
1551714670485,30.009932,120.829109,86,1,276
1551714671484,30.009955,120.828863,86,1,276
1551714672544,30.009978,120.828616,86,1,276
1551714673451,30.01,120.828369,87,1,276
1551714674537,30.010021,120.828122,86,1,275
1551714675520,30.010042,120.827875,86,1,276
1551714676517,30.010064,120.827629,86,1,276
1551714677482,30.010087,120.827385,85,1,276
1551714678522,30.010109,120.827143,84,1,276
1551714679520,30.010132,120.826904,84,1,276
1551714680516,30.010153,120.826666,83,1,276
1551714681533,30.010173,120.82643,82,1,276
1551714682550,30.010193,120.826197,81,1,275
1551714683510,30.010213,120.825968,80,1,275
1551714684556,30.010234,120.825745,78,1,276
1551714685512,30.010252,120.825528,75,1,275
1551714686495,30.01027,120.825318,73,1,276
1551714687552,30.010289,120.825111,72,1,276
1551714688536,30.010308,120.824909,70,1,276
1551714689505,30.010326,120.824711,69,1,276
1551714690573,30.010343,120.824513,69,1,275
1551714691502,30.010361,120.824317,68,1,276
1551714692577,30.010378,120.82413,64,1,276
1551714693551,30.010394,120.823956,59,1,276
1551714694577,30.010409,120.82379,58,1,276
1551714695512,30.010425,120.823624,58,1,276
1551714696552,30.010441,120.823457,59,1,276
1551714697535,30.010459,120.823288,60,1,277
1551714698542,30.010477,120.823116,61,1,277
1551714699498,30.010495,120.822941,62,1,277
1551714700612,30.010515,120.822764,62,1,277
1551714701532,30.010533,120.822585,63,1,277
1551714702531,30.010551,120.822405,63,1,277
1551714703533,30.01057,120.822224,63,1,277
1551714704588,30.010589,120.822044,63,1,277
1551714705549,30.010608,120.821866,62,1,277
1551714706529,30.010627,120.821688,62,1,277
1551714707561,30.010643,120.821512,61,1,276
1551714708569,30.010659,120.821337,61,1,276
1551714709466,30.010672,120.821162,61,1,274
1551714710486,30.010678,120.820985,62,1,271
1551714711496,30.010676,120.820808,61,1,268
1551714712577,30.010667,120.820631,61,1,266
1551714713460,30.010655,120.820457,61,1,265
1551714714530,30.01064,120.820284,60,1,264
1551714715457,30.010626,120.820114,59,1,264
1551714716512,30.010611,120.819948,57,1,264
1551714717504,30.010596,120.81979,55,1,264
1551714718562,30.010582,120.819637,53,1,264
1551714719521,30.010568,120.819488,52,1,264
1551714720570,30.010555,120.819344,50,1,264
1551714721524,30.010543,120.819204,48,1,264
1551714722536,30.010531,120.819069,47,1,264
1551714723491,30.010517,120.818935,47,1,263
1551714724529,30.010503,120.818803,47,1,263
1551714725465,30.010491,120.818671,46,1,265
1551714726597,30.01048,120.818539,46,1,265
1551714727487,30.01047,120.818405,48,1,265
1551714728516,30.01046,120.818265,49,1,265
1551714729525,30.01045,120.818122,50,1,266
1551714730548,30.010442,120.817974,52,1,267
1551714731493,30.010438,120.817825,52,1,268
1551714732585,30.010433,120.817674,53,1,268
1551714733482,30.010429,120.81752,54,1,268
1551714734521,30.010425,120.817365,54,1,268
1551714735445,30.010421,120.817209,55,1,268
1551714736488,30.010418,120.817051,55,1,269
1551714737446,30.010415,120.816892,55,1,268
1551714738550,30.010412,120.816737,54,1,269
1551714739449,30.010409,120.816586,52,1,268
1551714740521,30.010407,120.816436,52,1,269
1551714741477,30.010406,120.816286,52,1,269
1551714742488,30.010404,120.816133,53,1,269
1551714743452,30.010403,120.815979,54,1,269
1551714744552,30.0104,120.815828,53,1,269
1551714745477,30.010398,120.815679,51,1,269
1551714746502,30.010396,120.815537,49,1,269
1551714747449,30.010393,120.815399,47,1,269
1551714748550,30.010392,120.815267,46,1,269
1551714749480,30.010389,120.815135,46,1,268
1551714750523,30.010386,120.815004,46,1,268
1551714751475,30.010381,120.814874,45,1,267
1551714752539,30.010377,120.814741,46,1,268
1551714753436,30.010375,120.814606,47,1,268
1551714754528,30.01037,120.81447,47,1,268
1551714755497,30.010366,120.814333,47,1,268
1551714756554,30.010362,120.814198,47,1,268
1551714757510,30.010356,120.814064,46,1,267
1551714758549,30.010353,120.813937,44,1,268
1551714759497,30.010349,120.813816,41,1,268
1551714760506,30.010345,120.813706,37,1,267
1551714761521,30.010343,120.813612,31,1,269
1551714762576,30.01034,120.813537,24,1,267
1551714763540,30.010339,120.81348,18,1,268
1551714764539,30.010338,120.813445,10,1,268
1551714765536,30.010338,120.81342,8,1,269
1551714766567,30.010337,120.813398,7,1,268
1551714767496,30.010337,120.81338,6,1,268
1551714768538,30.010337,120.813369,3,1,268
1551714769495,30.010337,120.813367,0,1,0
1551714770482,30.010338,120.813367,0,1,0
1551714771457,30.010339,120.813366,0,1,0
1551714772482,30.010339,120.813366,0,1,0
1551714773459,30.01034,120.813366,0,1,0
1551714774466,30.010341,120.813365,0,1,0
1551714775437,30.010342,120.813364,0,1,0
1551714776480,30.010343,120.813364,0,1,0
1551714777390,30.010344,120.813363,0,1,0
1551714779388,30.010346,120.813361,0,1,0
1551714780396,30.010347,120.813361,0,1,0
1551714780425,30.010347,120.81336,0,1,0
1551714781430,30.010347,120.81336,0,1,0
1551714782506,30.010348,120.813359,0,1,0
1551714784384,30.010349,120.813358,0,1,0
1551714785392,30.01035,120.813357,0,1,0
1551714786384,30.010351,120.813356,0,1,0
1551714786449,30.01035,120.813356,0,1,0
1551714788417,30.010351,120.813355,0,1,0
1551714788471,30.010351,120.813355,0,1,0
1551714789419,30.010351,120.813355,0,1,0
1551714791381,30.010351,120.813353,0,1,0
1551714792417,30.010351,120.813346,3,1,269
1551714793417,30.010351,120.813331,7,1,269
1551714793417,30.010351,120.813331,7,1,269
1551714794465,30.01035,120.813302,12,1,268
1551714795447,30.010349,120.81326,16,1,269
1551714796474,30.010347,120.813207,20,1,269
1551714797478,30.010345,120.813145,22,1,267
1551714798512,30.010337,120.81308,23,1,262
1551714799559,30.010321,120.813016,23,1,253
1551714800460,30.010294,120.81296,23,1,239
1551714801456,30.010254,120.812913,23,1,223
1551714802541,30.010203,120.81288,23,1,207
1551714803488,30.010146,120.81286,24,1,195
1551714804500,30.010079,120.812851,28,1,184
1551714805545,30.009999,120.812854,32,1,178
1551714806572,30.009911,120.812859,36,1,178
1551714807497,30.009817,120.812865,38,1,177
1551714808563,30.009719,120.812873,39,1,175
1551714809504,30.009616,120.81288,42,1,177
1551714810532,30.009509,120.812889,43,1,176
1551714811534,30.009397,120.812901,45,1,175
1551714812569,30.009282,120.812911,46,1,177
1551714813504,30.009167,120.812917,46,1,178
1551714814550,30.00905,120.812923,47,1,177
1551714815504,30.008931,120.812928,48,1,178
1551714816526,30.008808,120.812932,49,1,178
1551714817500,30.008686,120.812937,48,1,178
1551714818532,30.008566,120.812943,48,1,177
1551714819497,30.008444,120.812948,48,1,178
1551714820579,30.008321,120.812952,49,1,178
1551714821498,30.008196,120.812958,50,1,178
1551714822582,30.008071,120.812964,50,1,177
1551714823507,30.007943,120.812972,51,1,177
1551714824546,30.007815,120.81298,51,1,177
1551714825507,30.007685,120.812987,52,1,177
1551714826490,30.007552,120.812992,53,1,179
1551714827498,30.007415,120.812992,54,1,179
1551714829427,30.007146,120.812996,53,1,179
1551714829427,30.007146,120.812996,53,1,179
1551714830493,30.007017,120.813002,52,1,178
1551714832430,30.00675,120.81301,55,1,179
1551714833430,30.006607,120.813015,58,1,178
1551714834427,30.006459,120.813019,59,1,178
1551714835391,30.006307,120.813023,61,1,178
1551714836438,30.006154,120.813028,61,1,178
1551714837423,30.006001,120.813032,61,1,179
1551714837423,30.006001,120.813032,61,1,179
1551714839387,30.00572,120.81304,50,1,178
1551714840426,30.005602,120.813044,47,1,179
1551714841419,30.005485,120.813049,47,1,178
1551714842448,30.005368,120.813054,47,1,178
1551714843453,30.005249,120.813057,48,1,179
1551714844444,30.005128,120.81306,49,1,179
1551714845421,30.005004,120.813063,50,1,179
1551714846471,30.004878,120.813066,50,1,179
1551714847416,30.004751,120.813069,51,1,179
1551714848434,30.004625,120.813074,50,1,178
1551714849483,30.0045,120.813078,50,1,178
1551714850499,30.004375,120.813082,50,1,178
1551714851487,30.00425,120.813086,50,1,179
1551714852517,30.004125,120.813089,50,1,178
1551714853488,30.003998,120.813095,50,1,178
1551714854492,30.003872,120.813099,50,1,178
1551714855485,30.003746,120.813104,50,1,178
1551714856532,30.00362,120.813109,50,1,178
1551714857443,30.003496,120.813114,49,1,178
1551714858476,30.003373,120.813121,48,1,177
1551714859489,30.003255,120.813125,47,1,178
1551714860505,30.003139,120.813128,45,1,179
1551714861476,30.003029,120.81313,43,1,180
1551714862530,30.002923,120.813131,41,1,179
1551714863472,30.002822,120.813133,40,1,179
1551714864531,30.002725,120.813136,38,1,179
1551714865460,30.002632,120.813138,36,1,179
1551714866531,30.002543,120.813141,35,1,178
1551714867506,30.002456,120.813144,34,1,178
1551714868508,30.00237,120.813149,34,1,177
1551714869517,30.002286,120.813151,33,1,179
1551714870579,30.002202,120.813153,34,1,179
1551714871470,30.002116,120.813155,34,1,179
1551714872515,30.002028,120.813158,35,1,178
1551714873507,30.001938,120.813161,36,1,178
1551714874547,30.001847,120.813167,36,1,177
1551714875469,30.001755,120.81317,37,1,178
1551714876481,30.001662,120.813174,38,1,178
1551714877434,30.001566,120.813177,39,1,178
1551714878484,30.001466,120.813181,40,1,178
1551714879468,30.001365,120.813185,41,1,178
1551714880458,30.001258,120.813189,43,1,178
1551714881470,30.001148,120.813194,44,1,178
1551714882508,30.001039,120.8132,43,1,178
1551714883482,30.000937,120.813204,40,1,178
1551714884471,30.00085,120.813209,33,1,178
1551714885466,30.000775,120.813212,29,1,178
1551714886501,30.000702,120.813214,29,1,178
1551714887436,30.000627,120.813217,30,1,178
1551714888483,30.000549,120.81322,31,1,178
1551714889431,30.000468,120.813224,33,1,178
1551714890436,30.000383,120.813226,35,1,179
1551714891449,30.000293,120.813228,37,1,179
1551714892474,30.000197,120.813226,39,1,181
1551714893482,30.000096,120.813219,41,1,184
1551714894441,29.99999,120.813205,43,1,187
1551714895399,29.999882,120.81318,45,1,193
1551714896466,29.999773,120.813143,46,1,198
1551714897428,29.999666,120.813096,46,1,202
1551714898444,29.999563,120.81304,46,1,207
1551714899397,29.999465,120.812975,44,1,211
1551714900445,29.999376,120.812903,43,1,216
1551714901388,29.999295,120.812824,42,1,223
1551714902451,29.999226,120.812735,41,1,231
1551714903437,29.999166,120.812636,42,1,237
1551714904432,29.999116,120.812532,41,1,242
1551714905397,29.999069,120.812426,42,1,243
1551714906472,29.999019,120.81232,42,1,241
1551714907389,29.998965,120.812218,42,1,238
1551714908474,29.998903,120.812124,41,1,231
1551714909420,29.998832,120.812045,39,1,221
1551714910478,29.998753,120.811985,38,1,210
1551714911399,29.998665,120.811944,38,1,198
1551714912494,29.998571,120.811924,38,1,188
1551714913431,29.998476,120.811919,38,1,180
1551714914457,29.998379,120.811921,39,1,177
1551714915451,29.99828,120.811928,40,1,175
1551714916471,29.998177,120.811937,41,1,176
1551714917425,29.99807,120.811944,43,1,177
1551714918499,29.997962,120.81195,43,1,178
1551714919417,29.997853,120.811958,44,1,175
1551714920489,29.997743,120.811971,44,1,174
1551714921408,29.997634,120.811987,44,1,172
1551714922456,29.997524,120.812,45,1,175
1551714923356,29.997409,120.812008,46,1,176
1551714924390,29.997293,120.812017,46,1,176
1551714925433,29.997177,120.812027,46,1,176
1551714926460,29.997061,120.812036,46,1,176
1551714927440,29.996943,120.812043,47,1,177
1551714928437,29.996827,120.812051,46,1,176
1551714929379,29.996711,120.812061,46,1,176
1551714930423,29.996598,120.81207,45,1,176
1551714931379,29.996484,120.812078,45,1,176
1551714932420,29.99637,120.812086,45,1,177
1551714933407,29.996256,120.812094,45,1,176
1551714934409,29.996144,120.812102,45,1,176
1551714935376,29.99603,120.812111,45,1,176
1551714936421,29.995916,120.812118,45,1,176
1551714937344,29.995803,120.812128,46,1,175
1551714938406,29.995689,120.812138,46,1,175
1551714939457,29.995574,120.812148,46,1,176
1551714940472,29.995459,120.812157,46,1,176
1551714941399,29.995345,120.812166,45,1,176
1551714942446,29.995234,120.812176,44,1,176
1551714943394,29.995128,120.812184,41,1,177
1551714944399,29.995031,120.81219,38,1,176
1551714945404,29.994942,120.812198,34,1,176
1551714946430,29.994868,120.812195,28,1,184
1551714947377,29.994812,120.812182,21,1,194
1551714948422,29.994773,120.81215,19,1,222
1551714949361,29.994749,120.812098,21,1,245
1551714950395,29.994737,120.812031,25,1,259
1551714951393,29.994734,120.811955,27,1,267
1551714952433,29.994731,120.81187,30,1,269
1551714953359,29.994726,120.811774,34,1,266
1551714954388,29.994723,120.811674,36,1,267
1551714955292,29.994717,120.811568,38,1,266
1551714956432,29.994711,120.811459,39,1,266
1551714957358,29.994705,120.811342,41,1,266
1551714958399,29.994698,120.811223,42,1,266
1551714959368,29.994693,120.811103,43,1,267
1551714960421,29.994691,120.810979,44,1,268
1551714961320,29.994686,120.810853,44,1,266
1551714962351,29.994679,120.810729,43,1,266
1551714963357,29.994672,120.810609,41,1,266
1551714964370,29.994666,120.810496,39,1,266
1551714965286,29.994659,120.810386,38,1,266
1551714966382,29.994652,120.810278,38,1,266
1551714967338,29.994645,120.810168,38,1,266
1551714968372,29.994638,120.810055,40,1,265
1551714969360,29.99463,120.809942,40,1,266
1551714970363,29.994623,120.809818,44,1,267
1551714971317,29.994615,120.809689,46,1,266
1551714972365,29.994609,120.809555,47,1,267
1551714973313,29.994602,120.809418,48,1,266
1551714974321,29.994596,120.809278,49,1,267
1551714975324,29.994589,120.809135,51,1,267
1551714976357,29.994582,120.808988,51,1,267
1551714977311,29.994576,120.808837,52,1,267
1551714978330,29.994567,120.808684,54,1,266
1551714979315,29.994559,120.808528,54,1,266
1551714980385,29.994541,120.808373,54,1,260
1551714981377,29.994528,120.808216,55,1,266
1551714982398,29.994517,120.808058,55,1,265
1551714983350,29.994511,120.807905,53,1,268
1551714984435,29.994505,120.807755,52,1,267
1551714985342,29.994498,120.807607,51,1,266
1551714986445,29.99449,120.807458,52,1,267
1551714987440,29.994483,120.807304,54,1,267
1551714988485,29.994476,120.807146,55,1,267
1551714989411,29.994468,120.806987,56,1,267
1551714990450,29.994459,120.806823,57,1,266
1551714991410,29.99445,120.806657,58,1,266
1551714992461,29.994438,120.806491,58,1,265
1551714993445,29.994429,120.806322,59,1,266
1551714994455,29.994421,120.80615,60,1,267
1551714995402,29.994412,120.805976,60,1,266
1551714996439,29.994404,120.805798,62,1,267
1551714997405,29.994394,120.805622,61,1,266
1551714998494,29.994387,120.805445,61,1,268
1551714999445,29.99438,120.805269,61,1,267
1551715000400,29.994373,120.805089,62,1,267
1551715001369,29.994366,120.804909,62,1,267
1551715002425,29.994358,120.804732,61,1,267
1551715003363,29.99435,120.804553,62,1,267
1551715004400,29.994341,120.804372,62,1,267
1551715005370,29.99433,120.804191,62,1,266
1551715006386,29.994319,120.80401,62,1,266
1551715007328,29.99431,120.803832,62,1,266
1551715008362,29.9943,120.803655,61,1,266
1551715009366,29.994291,120.803479,61,1,267
1551715010418,29.994282,120.803305,60,1,267
1551715011405,29.994273,120.803134,60,1,266
1551715012427,29.994265,120.802964,58,1,267
1551715013354,29.994254,120.802798,58,1,265
1551715014397,29.994245,120.802636,55,1,266
1551715015340,29.994237,120.802478,55,1,266
1551715016407,29.994228,120.802322,54,1,266
1551715017395,29.99422,120.802159,57,1,267
1551715018457,29.994213,120.80199,59,1,268
1551715019391,29.994206,120.801821,59,1,267
1551715020381,29.994197,120.801651,59,1,266
1551715021336,29.994188,120.801481,59,1,266
1551715022368,29.99418,120.801314,58,1,267
1551715023388,29.994171,120.801148,58,1,266
1551715024421,29.994162,120.800984,57,1,266
1551715025390,29.994152,120.800824,55,1,266
1551715026462,29.994143,120.800669,53,1,267
1551715027359,29.994136,120.800519,52,1,267
1551715028458,29.994129,120.800375,50,1,267
1551715029383,29.994121,120.800241,45,1,266
1551715030435,29.994116,120.800117,42,1,267
1551715031401,29.994109,120.800009,36,1,265
1551715032442,29.994104,120.799921,27,1,265
1551715033348,29.99409,120.799857,21,1,252
1551715034391,29.994064,120.799812,19,1,230
1551715035383,29.994029,120.799792,16,1,203
1551715036426,29.993984,120.799791,18,1,181
1551715037413,29.993931,120.799796,22,1,177
1551715038506,29.993869,120.7998,26,1,177
1551715039422,29.993799,120.799804,29,1,176
1551715040484,29.993722,120.79981,31,1,176
1551715041444,29.993641,120.799817,34,1,175
1551715042518,29.993553,120.799824,35,1,176
1551715043412,29.993462,120.799831,37,1,176
1551715044507,29.993367,120.799835,38,1,177
1551715045408,29.993272,120.799839,38,1,177
1551715046476,29.993174,120.799845,38,1,177
1551715047439,29.993078,120.799852,38,1,177
1551715048509,29.992982,120.799857,38,1,176
1551715049404,29.992887,120.799864,38,1,176
1551715050510,29.992792,120.799873,38,1,176
1551715051440,29.992697,120.79988,38,1,176
1551715052496,29.992603,120.799887,37,1,176
1551715053470,29.99251,120.799895,37,1,175
1551715054527,29.992419,120.799903,36,1,176
1551715055435,29.992329,120.799908,35,1,176
1551715056537,29.992243,120.799913,34,1,177
1551715057481,29.992155,120.799917,36,1,178
1551715058491,29.992062,120.799922,37,1,177
1551715059474,29.991968,120.799927,38,1,177
1551715060511,29.991872,120.799934,38,1,176
1551715061466,29.991776,120.799944,39,1,174
1551715062512,29.991679,120.799954,39,1,175
1551715063469,29.991582,120.799964,39,1,174
1551715064518,29.991483,120.799972,40,1,175
1551715065463,29.991381,120.79998,41,1,176
1551715066529,29.991278,120.799987,41,1,177
1551715067465,29.991173,120.799994,42,1,176
1551715068458,29.991066,120.800002,43,1,177
1551715069433,29.990958,120.800009,43,1,176
1551715070481,29.990849,120.800016,44,1,176
1551715071466,29.990738,120.800023,44,1,176
1551715072474,29.990626,120.80003,45,1,177
1551715073471,29.990513,120.800036,45,1,177
1551715074570,29.9904,120.800044,45,1,177
1551715075440,29.990288,120.800053,44,1,175
1551715076510,29.99018,120.80006,43,1,176
1551715077467,29.990078,120.80007,40,1,174
1551715078547,29.989988,120.800079,35,1,174
1551715080509,29.989846,120.800085,23,1,182
1551715081460,29.9898,120.800067,18,1,204
1551715082522,29.98977,120.800032,17,1,231
1551715083486,29.989755,120.799988,17,1,252
1551715084487,29.989748,120.799932,20,1,265
1551715085458,29.989746,120.799869,23,1,267
1551715086470,29.989741,120.799798,25,1,265
1551715087422,29.989736,120.799722,27,1,266
1551715088494,29.989731,120.79964,29,1,266
1551715089466,29.989726,120.799552,31,1,266
1551715090457,29.989723,120.799459,33,1,268
1551715091426,29.989719,120.799361,35,1,267
1551715092490,29.989713,120.799259,36,1,266
1551715093417,29.989708,120.799155,36,1,267
1551715094461,29.989704,120.799051,36,1,267
1551715095424,29.9897,120.798949,35,1,267
1551715096415,29.989695,120.798851,34,1,266
1551715097380,29.989692,120.798763,30,1,268
1551715098439,29.989689,120.798686,25,1,267
1551715099380,29.98968,120.798616,23,1,264
1551715100390,29.989677,120.798551,21,1,268
1551715101385,29.989679,120.798493,20,1,270
1551715102374,29.989682,120.798442,17,1,272
1551715103276,29.989688,120.798399,14,1,277
1551715104476,29.989699,120.798365,12,1,284
1551715105247,29.989709,120.798334,10,1,287
1551715106330,29.989715,120.798308,9,1,284
1551715107305,29.989709,120.798285,8,1,259
1551715108392,29.989699,120.79827,6,1,239
1551715109279,29.989689,120.798265,4,1,229
1551715110258,29.989686,120.798263,0,1,0
1551715111206,29.989686,120.798262,0,1,0
1551715112207,29.989685,120.798261,0,1,0
1551715113218,29.989685,120.798262,0,1,0
1551715114178,29.989688,120.798266,2,1,277
1551715115135,29.989694,120.798272,4,1,18
1551715116145,29.9897,120.798277,3,1,26
1551715117135,29.989698,120.79828,0,1,0
1551715118142,29.989702,120.79828,0,1,25
1551715119164,29.989702,120.79828,0,1,0
1551715120168,29.989702,120.79828,0,1,0
1551715121114,29.989702,120.798279,0,1,0
1551715122184,29.989698,120.798279,0,1,92
1551715123098,29.989695,120.798285,4,1,119
1551715124185,29.989685,120.798294,6,1,134
1551715125170,29.989676,120.798301,3,1,135
1551715126211,29.989675,120.798303,0,1,0
1551715127139,29.989676,120.798303,0,1,0
1551715128159,29.989676,120.7983,0,1,0
1551715129093,29.989679,120.798294,3,1,0
1551715130109,29.989681,120.79829,2,1,210
1551715131126,29.989683,120.798289,0,1,293
1551715132226,29.989682,120.798289,0,1,0
1551715133123,29.98968,120.798294,3,1,38
1551715134140,29.989678,120.798314,8,1,82
1551715135158,29.989678,120.798332,6,1,83
1551715136180,29.989683,120.798353,6,1,74
1551715137159,29.989687,120.798368,5,1,64
1551715138153,29.989687,120.798383,5,1,72
1551715139189,29.989689,120.798401,6,1,91
1551715140337,29.989688,120.798413,3,1,92
1551715141220,29.989691,120.798418,0,1,0
1551715141220,29.989691,120.798418,0,1,0
